uid,aid,start_time,end_time
4,1,2018-11-22 21:36:22,2018-11-22 21:36:22
4,1,2018-11-22 21:41:04,2018-11-22 21:41:04
4,1,2018-11-22 23:03:52,2018-11-22 23:03:52
4,1,2018-11-22 23:06:56,2018-11-22 23:06:56
4,7,2018-11-22 23:34:42,2018-11-22 23:34:42
4,4,2018-11-22 23:35:12,2018-11-22 23:35:12
4,7,2018-11-22 23:36:13,2018-11-22 23:36:13
4,7,2018-11-22 23:40:28,2018-11-22 23:40:28
4,4,2018-11-22 23:41:32,2018-11-22 23:41:32
4,7,2018-11-22 23:42:01,2018-11-22 23:42:01
4,10,2018-11-22 23:43:06,2018-11-22 23:43:06
4,9,2018-11-22 23:48:12,2018-11-22 23:48:12
4,9,2018-11-24 01:00:23,2018-11-24 01:00:23
4,1,2018-11-24 01:06:22,2018-11-24 01:06:22
4,1,2018-11-24 01:08:01,2018-11-24 01:08:01
4,9,2018-11-24 02:20:06,2018-11-24 02:20:06
4,7,2018-11-24 05:36:51,2018-11-24 05:36:51
4,4,2018-11-24 05:37:12,2018-11-24 05:37:12
4,10,2018-11-24 05:57:20,2018-11-24 05:57:20
4,5,2018-11-24 06:36:17,2018-11-24 06:36:17
4,7,2018-11-24 06:39:00,2018-11-24 06:39:00
4,4,2018-11-24 06:39:42,2018-11-24 06:39:42
4,1,2018-11-23 19:18:46,2018-11-23 19:18:46
4,1,2018-11-23 23:02:19,2018-11-23 23:02:19
4,1,2018-11-23 23:04:33,2018-11-23 23:04:33
4,9,2018-11-23 23:31:14,2018-11-23 23:31:14
4,10,2018-11-23 23:35:53,2018-11-23 23:35:53
4,7,2018-11-25 00:36:08,2018-11-25 00:36:08
4,4,2018-11-25 00:36:24,2018-11-25 00:36:24
4,7,2018-11-25 00:37:11,2018-11-25 00:37:11
4,7,2018-11-25 00:40:24,2018-11-25 00:40:24
4,4,2018-11-25 00:41:31,2018-11-25 00:41:31
4,7,2018-11-25 00:42:02,2018-11-25 00:42:02
4,9,2018-11-25 06:00:17,2018-11-25 06:00:17
4,5,2018-11-25 06:30:35,2018-11-25 06:30:35
4,4,2018-11-25 06:32:22,2018-11-25 06:32:22
4,5,2018-11-25 06:34:55,2018-11-25 06:34:55
4,5,2018-11-26 07:44:01,2018-11-26 07:44:01
4,4,2018-11-26 07:47:07,2018-11-26 07:47:07
4,5,2018-11-26 07:48:01,2018-11-26 07:48:01
4,5,2018-11-25 09:26:53,2018-11-25 09:26:53
4,4,2018-11-25 09:27:11,2018-11-25 09:27:11
4,7,2018-11-25 10:27:07,2018-11-25 10:27:07
4,4,2018-11-25 11:55:46,2018-11-25 11:55:46
4,7,2018-11-26 09:27:21,2018-11-26 09:27:21
4,4,2018-11-26 13:15:30,2018-11-26 13:15:30
4,5,2018-11-26 13:16:28,2018-11-26 13:16:28
4,4,2018-11-26 13:23:42,2018-11-26 13:23:42
4,5,2018-11-26 13:24:14,2018-11-26 13:24:14
4,4,2018-11-26 18:22:44,2018-11-26 18:22:44
4,5,2018-11-26 18:23:54,2018-11-26 18:23:54
4,6,2018-11-28 21:14:17,2018-11-28 21:14:17
4,10,2018-11-28 22:14:25,2018-11-28 22:14:25
4,4,2018-11-30 06:47:08,2018-11-30 06:47:08
4,7,2018-11-30 06:47:47,2018-11-30 06:47:47
4,7,2018-11-30 06:50:11,2018-11-30 06:50:11
4,4,2018-11-30 06:51:24,2018-11-30 06:51:24
4,7,2018-11-29 21:38:12,2018-11-29 21:38:12
4,4,2018-11-29 21:38:22,2018-11-29 21:38:22
4,7,2018-11-29 21:38:56,2018-11-29 21:38:56
4,7,2018-11-29 21:41:13,2018-11-29 21:41:13
4,4,2018-11-29 21:41:46,2018-11-29 21:41:46
4,7,2018-11-29 21:43:08,2018-11-29 21:43:08
4,1,2018-11-29 22:14:01,2018-11-29 22:14:01
4,1,2018-11-29 22:17:11,2018-11-29 22:17:11
4,4,2018-12-03 07:39:57,2018-12-03 07:39:57
4,5,2018-12-02 10:27:37,2018-12-02 10:27:37
4,5,2018-12-02 10:32:58,2018-12-02 10:32:58
4,4,2018-12-02 10:33:31,2018-12-02 10:33:31
4,5,2018-12-02 10:34:29,2018-12-02 10:34:29
4,4,2018-12-02 11:49:03,2018-12-02 11:49:03
4,7,2018-12-02 11:51:17,2018-12-02 11:51:17
4,4,2018-12-02 11:51:52,2018-12-02 11:51:52
4,4,2018-12-02 11:59:27,2018-12-02 11:59:27
4,4,2018-12-02 12:15:58,2018-12-02 12:15:58
4,4,2018-12-02 15:31:47,2018-12-02 15:31:47
4,4,2018-12-05 17:32:03,2018-12-05 17:32:03
4,6,2018-12-05 18:09:10,2018-12-05 18:09:10
4,1,2018-12-05 18:51:11,2018-12-05 18:51:11
4,4,2018-12-05 19:10:20,2018-12-05 19:10:20
4,5,2018-12-05 19:10:55,2018-12-05 19:10:55
4,12,2018-12-07 21:58:15,2018-12-07 21:58:15
4,12,2018-12-07 22:11:44,2018-12-07 22:11:44
4,12,2018-12-07 22:17:49,2018-12-07 22:17:49
4,12,2018-12-07 22:23:48,2018-12-07 22:23:48
4,12,2018-12-07 22:29:41,2018-12-07 22:29:41
4,12,2018-12-09 00:11:48,2018-12-09 00:11:48
4,12,2018-12-09 00:15:58,2018-12-09 00:15:58
4,12,2018-12-09 00:17:40,2018-12-09 00:17:40
4,12,2018-12-09 00:19:14,2018-12-09 00:19:14
4,12,2018-12-09 00:23:12,2018-12-09 00:23:12
4,12,2018-12-09 02:34:37,2018-12-09 02:34:37
4,12,2018-12-09 02:40:23,2018-12-09 02:40:23
4,5,2018-12-09 07:43:52,2018-12-09 07:43:52
4,5,2018-12-09 07:51:32,2018-12-09 07:51:32
4,5,2018-12-09 09:43:34,2018-12-09 09:43:34
4,5,2018-12-09 10:39:24,2018-12-09 10:39:24
4,5,2018-12-09 10:40:34,2018-12-09 10:40:34
4,5,2019-02-18 11:08:21,2019-02-18 11:08:21
4,4,2018-12-09 11:08:23,2018-12-09 11:08:23
4,5,2019-02-18 11:10:37,2019-02-18 11:10:37
4,5,2018-12-09 11:10:47,2018-12-09 11:10:47
4,5,2019-02-18 15:33:41,2019-02-18 15:33:41
4,4,2018-12-09 15:34:09,2018-12-09 15:34:09
4,4,2018-12-09 15:41:05,2018-12-09 15:41:05
4,5,2018-12-10 09:30:23,2018-12-10 09:30:23
4,7,2019-02-18 09:34:16,2019-02-18 09:34:16
4,4,2019-02-18 09:34:59,2019-02-18 09:34:59
4,5,2019-02-18 10:06:44,2019-02-18 10:06:44
4,4,2018-12-11 12:52:41,2018-12-11 12:52:41
4,5,2018-12-11 12:54:28,2018-12-11 12:54:28
4,2,2018-12-11 16:35:25,2018-12-11 16:35:25
4,4,2018-12-11 16:36:13,2018-12-11 16:36:13
4,1,2018-12-11 17:21:25,2018-12-11 17:21:25
4,4,2018-12-11 17:22:19,2018-12-11 17:22:19
4,1,2018-12-11 18:25:34,2018-12-11 18:25:34
4,4,2018-12-11 18:26:23,2018-12-11 18:26:23
4,4,2018-12-14 01:22:53,2018-12-14 01:22:53
4,1,2018-12-14 01:23:22,2018-12-14 01:23:22
4,4,2018-12-14 01:40:50,2018-12-14 01:40:50
4,2,2018-12-14 01:40:51,2018-12-14 01:40:51
4,4,2018-12-14 06:33:22,2018-12-14 06:33:22
4,7,2018-12-14 06:49:10,2018-12-14 06:49:10
4,4,2018-12-14 06:49:12,2018-12-14 06:49:12
4,5,2018-12-16 17:52:32,2018-12-16 17:52:32
4,4,2018-12-16 17:52:34,2018-12-16 17:52:34
4,4,2018-12-17 13:10:19,2018-12-17 13:10:19
4,5,2018-12-17 13:10:24,2018-12-17 13:10:24
4,4,2018-12-17 13:14:14,2018-12-17 13:14:14
4,5,2018-12-17 13:14:40,2018-12-17 13:14:40
4,4,2018-12-17 13:27:21,2018-12-17 13:27:21
4,5,2018-12-17 13:27:21,2018-12-17 13:27:21
4,5,2018-12-17 18:16:08,2018-12-17 18:16:08
4,5,2018-12-18 08:58:24,2018-12-18 08:58:24
4,1,2018-12-18 09:15:53,2018-12-18 09:15:53
4,5,2018-12-18 09:16:09,2018-12-18 09:16:09
4,5,2018-12-18 09:51:03,2018-12-18 09:51:03
4,4,2018-12-18 09:51:02,2018-12-18 09:51:02
4,7,2018-12-18 09:56:49,2018-12-18 09:56:49
4,4,2018-12-18 10:58:15,2018-12-18 10:58:15
4,5,2018-12-18 10:58:13,2018-12-18 10:58:13
4,5,2018-12-18 11:09:20,2018-12-18 11:09:20
4,5,2018-12-18 11:18:40,2018-12-18 11:18:40
4,4,2018-12-18 11:18:44,2018-12-18 11:18:44
4,4,2018-12-18 18:26:23,2018-12-18 18:26:23
4,5,2018-12-18 18:26:24,2018-12-18 18:26:24
4,4,2018-12-20 08:20:41,2018-12-20 08:20:41
4,5,2018-12-20 08:20:43,2018-12-20 08:20:43
4,5,2018-12-20 08:26:20,2018-12-20 08:26:20
4,4,2018-12-20 08:29:02,2018-12-20 08:29:02
4,4,2018-12-20 10:32:43,2018-12-20 10:32:43
4,5,2018-12-21 10:32:22,2018-12-21 10:32:22
4,5,2018-12-21 12:04:27,2018-12-21 12:04:27
4,4,2018-12-23 09:08:38,2018-12-23 09:08:38
4,5,2018-12-23 09:08:44,2018-12-23 09:08:44
4,5,2018-12-24 12:02:00,2018-12-24 12:02:00
4,5,2018-12-27 09:17:23,2018-12-27 09:17:23
4,4,2018-12-27 09:17:29,2018-12-27 09:17:29
4,4,2018-12-27 11:48:52,2018-12-27 11:48:52
4,6,2018-12-27 11:48:53,2018-12-27 11:48:53
4,5,2018-12-27 12:17:46,2018-12-27 12:17:46
4,4,2018-12-31 20:48:04,2018-12-31 20:48:04
4,12,2019-01-24 16:49:17,2019-01-24 16:49:17
4,7,2019-01-24 18:24:41,2019-01-24 18:24:41
4,11,2019-01-24 18:24:43,2019-01-24 18:24:43
7,1,2018-11-25 19:28:05,2018-11-25 19:28:05
7,5,2018-11-26 12:37:24,2018-11-26 12:37:24
7,4,2018-11-26 12:39:27,2018-11-26 12:39:27
7,5,2018-11-26 13:19:44,2018-11-26 13:19:44
7,5,2018-11-26 13:22:48,2018-11-26 13:22:48
7,4,2018-11-26 13:52:11,2018-11-26 13:52:11
7,5,2018-11-26 13:52:43,2018-11-26 13:52:43
7,7,2018-11-26 14:02:09,2018-11-26 14:02:09
7,4,2018-11-26 14:03:39,2018-11-26 14:03:39
7,1,2018-11-26 14:05:05,2018-11-26 14:05:05
7,9,2018-11-26 14:05:11,2018-11-26 14:05:11
7,5,2018-11-26 14:10:20,2018-11-26 14:10:20
7,9,2018-11-26 14:13:12,2018-11-26 14:13:12
7,7,2018-11-26 14:30:32,2018-11-26 14:30:32
7,4,2018-11-26 14:37:32,2018-11-26 14:37:32
7,6,2018-11-26 14:38:16,2018-11-26 14:38:16
7,7,2018-11-26 14:41:48,2018-11-26 14:41:48
7,5,2018-11-26 15:21:10,2018-11-26 15:21:10
7,5,2018-11-26 15:21:54,2018-11-26 15:21:54
7,4,2018-11-26 15:22:45,2018-11-26 15:22:45
7,5,2018-11-26 15:26:08,2018-11-26 15:26:08
7,4,2018-11-26 15:28:28,2018-11-26 15:28:28
7,7,2018-11-26 15:30:34,2018-11-26 15:30:34
7,4,2018-11-26 15:31:07,2018-11-26 15:31:07
7,7,2018-11-26 15:31:41,2018-11-26 15:31:41
7,7,2018-11-26 15:35:41,2018-11-26 15:35:41
7,4,2018-11-26 15:37:03,2018-11-26 15:37:03
7,7,2018-11-26 15:37:28,2018-11-26 15:37:28
7,7,2018-11-26 15:40:22,2018-11-26 15:40:22
7,7,2018-11-26 15:41:17,2018-11-26 15:41:17
7,4,2018-11-26 15:46:45,2018-11-26 15:46:45
7,6,2018-11-26 15:47:21,2018-11-26 15:47:21
7,10,2018-11-26 15:48:06,2018-11-26 15:48:06
7,5,2018-11-26 15:50:43,2018-11-26 15:50:43
7,5,2018-11-26 15:54:54,2018-11-26 15:54:54
7,5,2018-11-26 15:56:48,2018-11-26 15:56:48
7,4,2019-02-18 15:58:27,2019-02-18 15:58:27
7,5,2018-11-26 15:59:11,2018-11-26 15:59:11
7,7,2018-11-26 17:08:41,2018-11-26 17:08:41
7,7,2018-11-26 17:09:11,2018-11-26 17:09:11
7,4,2018-11-26 17:09:55,2018-11-26 17:09:55
7,8,2018-11-26 17:10:24,2018-11-26 17:10:24
7,7,2018-11-26 17:10:46,2018-11-26 17:10:46
7,7,2018-11-26 17:35:24,2018-11-26 17:35:24
7,8,2018-11-26 18:32:14,2018-11-26 18:32:14
7,5,2018-11-26 18:39:20,2018-11-26 18:39:20
7,4,2018-11-26 18:47:15,2018-11-26 18:47:15
7,7,2018-11-26 18:50:35,2018-11-26 18:50:35
7,7,2018-11-26 18:55:14,2018-11-26 18:55:14
7,4,2018-11-26 18:57:51,2018-11-26 18:57:51
7,4,2018-11-26 19:01:37,2018-11-26 19:01:37
7,5,2018-11-28 12:44:48,2018-11-28 12:44:48
7,4,2018-11-28 13:07:49,2018-11-28 13:07:49
7,4,2018-11-28 13:23:12,2018-11-28 13:23:12
7,7,2018-11-28 13:24:32,2018-11-28 13:24:32
7,4,2018-11-28 13:26:38,2018-11-28 13:26:38
7,7,2018-11-28 13:27:26,2018-11-28 13:27:26
7,7,2018-11-28 13:30:21,2018-11-28 13:30:21
7,4,2018-11-28 13:36:49,2018-11-28 13:36:49
7,5,2018-11-28 13:37:23,2018-11-28 13:37:23
7,5,2018-11-28 13:47:45,2018-11-28 13:47:45
7,5,2018-11-28 14:11:27,2018-11-28 14:11:27
7,7,2018-11-28 14:23:36,2018-11-28 14:23:36
7,5,2018-11-28 15:35:17,2018-11-28 15:35:17
7,4,2019-02-18 15:37:42,2019-02-18 15:37:42
7,5,2018-11-28 15:48:44,2018-11-28 15:48:44
7,5,2018-11-28 15:53:08,2018-11-28 15:53:08
7,4,2018-11-28 15:56:03,2018-11-28 15:56:03
7,4,2018-11-28 15:57:09,2018-11-28 15:57:09
7,5,2018-11-28 15:57:54,2018-11-28 15:57:54
7,4,2018-11-28 18:15:50,2018-11-28 18:15:50
7,5,2018-11-28 18:18:30,2018-11-28 18:18:30
7,7,2018-11-28 18:26:01,2018-11-28 18:26:01
7,5,2018-11-28 18:27:35,2018-11-28 18:27:35
7,5,2018-11-28 18:36:36,2018-11-28 18:36:36
7,7,2018-11-28 18:40:29,2018-11-28 18:40:29
7,4,2018-11-28 18:42:59,2018-11-28 18:42:59
7,7,2018-11-29 13:17:17,2018-11-29 13:17:17
7,7,2018-11-29 13:18:27,2018-11-29 13:18:27
7,5,2018-11-29 13:21:00,2018-11-29 13:21:00
7,5,2018-11-29 13:22:12,2018-11-29 13:22:12
7,7,2018-11-29 13:27:13,2018-11-29 13:27:13
7,5,2018-11-29 13:29:41,2018-11-29 13:29:41
7,7,2018-11-29 14:02:40,2018-11-29 14:02:40
7,3,2018-11-29 14:04:22,2018-11-29 14:04:22
7,7,2018-11-29 14:04:52,2018-11-29 14:04:52
7,4,2018-11-29 14:48:27,2018-11-29 14:48:27
7,7,2018-11-29 14:49:01,2018-11-29 14:49:01
7,7,2018-11-29 14:56:57,2018-11-29 14:56:57
7,4,2018-11-29 14:58:46,2018-11-29 14:58:46
7,5,2018-11-29 15:20:50,2018-11-29 15:20:50
7,5,2018-11-29 15:24:48,2018-11-29 15:24:48
7,4,2018-11-29 15:26:27,2018-11-29 15:26:27
7,7,2018-11-29 15:33:13,2018-11-29 15:33:13
7,5,2018-11-29 15:47:27,2018-11-29 15:47:27
7,5,2018-11-29 15:52:26,2018-11-29 15:52:26
7,4,2018-11-29 15:55:38,2018-11-29 15:55:38
7,5,2018-11-29 15:56:51,2018-11-29 15:56:51
7,5,2018-11-29 18:21:39,2018-11-29 18:21:39
7,4,2018-11-29 18:22:35,2018-11-29 18:22:35
7,5,2018-11-29 18:23:17,2018-11-29 18:23:17
7,4,2018-11-29 18:40:20,2018-11-29 18:40:20
7,5,2018-11-29 18:43:40,2018-11-29 18:43:40
7,4,2018-11-30 13:09:51,2018-11-30 13:09:51
7,5,2018-11-30 13:11:02,2018-11-30 13:11:02
7,4,2018-11-30 13:15:12,2018-11-30 13:15:12
7,5,2018-11-30 13:15:51,2018-11-30 13:15:51
7,5,2018-11-30 13:22:36,2018-11-30 13:22:36
7,2,2018-11-30 13:23:06,2018-11-30 13:23:06
7,5,2018-11-30 13:24:30,2018-11-30 13:24:30
7,5,2018-11-30 13:38:47,2018-11-30 13:38:47
7,4,2018-11-30 13:48:11,2018-11-30 13:48:11
7,5,2018-11-30 15:50:02,2018-11-30 15:50:02
7,4,2018-11-30 15:54:41,2018-11-30 15:54:41
7,4,2018-11-30 18:37:52,2018-11-30 18:37:52
7,5,2018-11-30 18:46:19,2018-11-30 18:46:19
7,4,2018-12-02 12:46:41,2018-12-02 12:46:41
7,6,2018-12-02 12:49:27,2018-12-02 12:49:27
7,5,2018-12-02 17:00:48,2018-12-02 17:00:48
7,4,2018-12-02 18:38:23,2018-12-02 18:38:23
7,4,2018-12-02 18:51:52,2018-12-02 18:51:52
7,4,2018-12-02 18:54:15,2018-12-02 18:54:15
7,5,2018-12-03 13:25:43,2018-12-03 13:25:43
7,4,2018-12-03 13:33:41,2018-12-03 13:33:41
7,7,2018-12-03 13:34:52,2018-12-03 13:34:52
7,6,2018-12-03 13:35:00,2018-12-03 13:35:00
7,5,2018-12-03 13:58:37,2018-12-03 13:58:37
7,4,2018-12-03 14:52:23,2018-12-03 14:52:23
7,5,2018-12-03 13:34:22,2018-12-03 13:34:22
7,4,2018-12-03 15:15:53,2018-12-03 15:15:53
7,5,2018-12-03 15:28:38,2018-12-03 15:28:38
7,4,2018-12-03 15:30:12,2018-12-03 15:30:12
7,4,2018-12-03 15:35:30,2018-12-03 15:35:30
7,7,2018-12-03 15:36:02,2018-12-03 15:36:02
7,7,2018-12-03 15:39:23,2018-12-03 15:39:23
7,1,2018-12-03 15:40:32,2018-12-03 15:40:32
7,4,2018-12-03 15:41:04,2018-12-03 15:41:04
7,7,2018-12-03 15:41:31,2018-12-03 15:41:31
7,5,2018-12-03 15:46:03,2018-12-03 15:46:03
7,7,2018-12-03 15:52:52,2018-12-03 15:52:52
7,5,2018-12-04 13:27:54,2018-12-04 13:27:54
7,4,2018-12-04 13:28:42,2018-12-04 13:28:42
7,5,2018-12-04 13:33:32,2018-12-04 13:33:32
7,5,2018-12-04 15:35:21,2018-12-04 15:35:21
7,5,2018-12-04 15:50:04,2018-12-04 15:50:04
7,5,2018-12-04 15:51:48,2018-12-04 15:51:48
7,4,2018-12-04 15:55:55,2018-12-04 15:55:55
7,5,2018-12-04 15:56:45,2018-12-04 15:56:45
7,4,2018-12-04 18:36:09,2018-12-04 18:36:09
7,4,2018-12-04 18:47:38,2018-12-04 18:47:38
7,7,2018-12-04 18:48:28,2018-12-04 18:48:28
7,7,2018-12-04 18:53:03,2018-12-04 18:53:03
7,4,2018-12-04 18:54:29,2018-12-04 18:54:29
7,5,2018-12-06 12:55:16,2018-12-06 12:55:16
7,5,2018-12-06 13:15:51,2018-12-06 13:15:51
7,4,2018-12-06 13:17:14,2018-12-06 13:17:14
7,5,2018-12-06 13:17:55,2018-12-06 13:17:55
7,5,2018-12-06 13:24:37,2018-12-06 13:24:37
7,5,2018-12-06 13:27:10,2018-12-06 13:27:10
7,5,2018-12-06 13:31:39,2018-12-06 13:31:39
7,4,2018-12-06 14:03:00,2018-12-06 14:03:00
7,5,2018-12-06 14:04:34,2018-12-06 14:04:34
7,5,2018-12-06 15:38:10,2018-12-06 15:38:10
7,5,2018-12-06 14:12:55,2018-12-06 14:12:55
7,5,2018-12-06 14:31:12,2018-12-06 14:31:12
7,5,2018-12-06 15:17:57,2018-12-06 15:17:57
7,4,2018-12-06 15:20:08,2018-12-06 15:20:08
7,4,2018-12-06 15:29:57,2018-12-06 15:29:57
7,4,2018-12-06 15:40:22,2018-12-06 15:40:22
7,4,2018-12-06 15:42:45,2018-12-06 15:42:45
7,5,2018-12-06 15:43:59,2018-12-06 15:43:59
7,5,2018-12-06 15:48:23,2018-12-06 15:48:23
7,5,2018-12-06 15:57:27,2018-12-06 15:57:27
7,5,2018-12-06 15:59:39,2018-12-06 15:59:39
7,4,2018-12-06 16:00:40,2018-12-06 16:00:40
7,5,2018-12-06 16:01:26,2018-12-06 16:01:26
7,4,2018-12-06 16:19:43,2018-12-06 16:19:43
7,7,2018-12-06 16:20:07,2018-12-06 16:20:07
7,4,2018-12-06 18:09:16,2018-12-06 18:09:16
7,5,2018-12-06 18:10:38,2018-12-06 18:10:38
7,5,2018-12-06 18:29:45,2018-12-06 18:29:45
7,4,2018-12-06 18:31:01,2018-12-06 18:31:01
7,4,2018-12-06 18:37:23,2018-12-06 18:37:23
7,5,2018-12-06 18:46:32,2018-12-06 18:46:32
7,7,2018-12-06 18:51:22,2018-12-06 18:51:22
7,5,2018-12-07 12:53:57,2018-12-07 12:53:57
7,6,2018-12-07 12:54:41,2018-12-07 12:54:41
7,5,2018-12-07 13:15:36,2018-12-07 13:15:36
7,4,2018-12-07 13:16:24,2018-12-07 13:16:24
7,5,2018-12-07 13:17:03,2018-12-07 13:17:03
7,5,2018-12-07 13:23:09,2018-12-07 13:23:09
7,4,2018-12-07 13:24:35,2018-12-07 13:24:35
7,4,2018-12-07 13:35:12,2018-12-07 13:35:12
7,3,2018-12-07 13:41:11,2018-12-07 13:41:11
7,7,2018-12-07 14:00:06,2018-12-07 14:00:06
7,4,2018-12-07 14:02:10,2018-12-07 14:02:10
7,4,2018-12-07 14:07:07,2018-12-07 14:07:07
7,7,2018-12-07 14:25:50,2018-12-07 14:25:50
7,4,2018-12-07 14:32:27,2018-12-07 14:32:27
7,7,2018-12-07 14:54:15,2018-12-07 14:54:15
7,5,2018-12-07 15:43:35,2018-12-07 15:43:35
7,4,2018-12-07 15:44:39,2018-12-07 15:44:39
7,5,2018-12-07 15:48:24,2018-12-07 15:48:24
7,4,2018-12-07 15:49:39,2018-12-07 15:49:39
7,5,2018-12-07 15:53:33,2018-12-07 15:53:33
7,5,2018-12-07 15:58:15,2018-12-07 15:58:15
7,4,2018-12-07 15:59:37,2018-12-07 15:59:37
7,4,2018-12-07 16:02:53,2018-12-07 16:02:53
7,5,2018-12-07 16:05:06,2018-12-07 16:05:06
7,4,2018-12-07 16:05:56,2018-12-07 16:05:56
7,5,2019-02-18 16:07:57,2019-02-18 16:07:57
7,5,2018-12-07 18:30:14,2018-12-07 18:30:14
7,5,2018-12-07 18:38:52,2018-12-07 18:38:52
7,4,2018-12-07 18:39:53,2018-12-07 18:39:53
7,4,2018-12-07 18:46:10,2018-12-07 18:46:10
7,5,2018-12-07 18:46:56,2018-12-07 18:46:56
7,4,2018-12-08 12:52:55,2018-12-08 12:52:55
7,5,2018-12-08 12:53:40,2018-12-08 12:53:40
7,5,2018-12-08 13:13:08,2018-12-08 13:13:08
7,5,2018-12-08 13:17:56,2018-12-08 13:17:56
7,5,2018-12-08 13:42:20,2018-12-08 13:42:20
7,12,2018-12-08 13:45:08,2018-12-08 13:45:08
7,4,2018-12-08 13:54:57,2018-12-08 13:54:57
7,4,2018-12-08 15:08:13,2018-12-08 15:08:13
7,6,2018-12-08 15:31:51,2018-12-08 15:31:51
7,5,2018-12-08 15:52:52,2018-12-08 15:52:52
7,5,2018-12-08 17:06:22,2018-12-08 17:06:22
7,4,2018-12-08 17:07:53,2018-12-08 17:07:53
7,5,2018-12-08 18:29:52,2018-12-08 18:29:52
7,4,2018-12-08 18:45:11,2018-12-08 18:45:11
7,5,2019-02-18 13:26:10,2019-02-18 13:26:10
7,5,2019-02-18 13:27:37,2019-02-18 13:27:37
7,5,2019-02-18 13:34:09,2019-02-18 13:34:09
7,4,2019-02-18 14:18:35,2019-02-18 14:18:35
7,7,2019-02-18 14:19:23,2019-02-18 14:19:23
7,7,2019-02-18 14:23:48,2019-02-18 14:23:48
7,4,2019-02-18 14:25:02,2019-02-18 14:25:02
7,7,2019-02-18 14:25:14,2019-02-18 14:25:14
7,7,2019-02-18 14:38:15,2019-02-18 14:38:15
7,4,2019-02-18 14:39:12,2019-02-18 14:39:12
7,5,2019-02-18 15:51:25,2019-02-18 15:51:25
7,5,2019-02-18 15:57:10,2019-02-18 15:57:10
7,5,2019-02-18 15:59:08,2019-02-18 15:59:08
7,4,2019-02-18 16:00:22,2019-02-18 16:00:22
7,5,2018-12-10 16:00:31,2018-12-10 16:00:31
7,5,2018-12-10 17:30:18,2018-12-10 17:30:18
7,4,2018-12-10 17:33:13,2018-12-10 17:33:13
7,5,2018-12-10 18:29:05,2018-12-10 18:29:05
7,4,2018-12-11 13:10:22,2018-12-11 13:10:22
7,5,2018-12-11 13:11:18,2018-12-11 13:11:18
7,5,2018-12-11 13:12:30,2018-12-11 13:12:30
7,5,2018-12-11 13:14:34,2018-12-11 13:14:34
7,4,2018-12-11 13:15:09,2018-12-11 13:15:09
7,5,2018-12-11 13:15:57,2018-12-11 13:15:57
7,5,2018-12-11 13:17:12,2018-12-11 13:17:12
7,5,2018-12-11 13:20:51,2018-12-11 13:20:51
7,12,2018-12-11 13:23:00,2018-12-11 13:23:00
7,7,2018-12-11 13:52:35,2018-12-11 13:52:35
7,4,2018-12-11 13:53:52,2018-12-11 13:53:52
7,4,2018-12-11 14:02:36,2018-12-11 14:02:36
7,7,2018-12-11 14:03:18,2018-12-11 14:03:18
7,4,2018-12-11 14:18:15,2018-12-11 14:18:15
7,7,2018-12-11 14:18:52,2018-12-11 14:18:52
7,7,2018-12-11 14:23:31,2018-12-11 14:23:31
7,4,2018-12-11 14:24:32,2018-12-11 14:24:32
7,5,2018-12-11 15:36:07,2018-12-11 15:36:07
7,4,2018-12-11 15:37:04,2018-12-11 15:37:04
7,4,2018-12-11 15:41:28,2018-12-11 15:41:28
7,7,2018-12-11 15:42:20,2018-12-11 15:42:20
7,4,2018-12-11 15:46:40,2018-12-11 15:46:40
7,7,2018-12-11 15:47:16,2018-12-11 15:47:16
7,5,2018-12-11 15:51:20,2018-12-11 15:51:20
7,4,2018-12-11 15:52:37,2018-12-11 15:52:37
7,5,2018-12-11 15:54:35,2018-12-11 15:54:35
7,5,2018-12-11 15:57:10,2018-12-11 15:57:10
7,5,2018-12-11 15:57:58,2018-12-11 15:57:58
7,4,2018-12-11 15:58:33,2018-12-11 15:58:33
7,5,2018-12-11 15:59:29,2018-12-11 15:59:29
7,4,2018-12-11 17:08:09,2018-12-11 17:08:09
7,5,2018-12-11 17:09:01,2018-12-11 17:09:01
7,5,2018-12-11 17:09:59,2018-12-11 17:09:59
7,5,2018-12-11 17:13:48,2018-12-11 17:13:48
7,5,2018-12-11 17:15:54,2018-12-11 17:15:54
7,4,2018-12-11 17:16:43,2018-12-11 17:16:43
7,5,2018-12-11 17:17:33,2018-12-11 17:17:33
7,3,2018-12-11 17:18:59,2018-12-11 17:18:59
7,7,2018-12-11 18:38:02,2018-12-11 18:38:02
7,4,2018-12-11 18:38:37,2018-12-11 18:38:37
7,4,2018-12-11 18:41:26,2018-12-11 18:41:26
7,5,2018-12-13 12:34:08,2018-12-13 12:34:08
7,5,2018-12-13 13:27:43,2018-12-13 13:27:43
7,4,2018-12-13 13:28:18,2018-12-13 13:28:18
7,4,2018-12-13 13:29:14,2018-12-13 13:29:14
7,5,2018-12-13 13:29:21,2018-12-13 13:29:21
7,5,2018-12-13 13:30:48,2018-12-13 13:30:48
7,4,2018-12-13 13:34:30,2018-12-13 13:34:30
7,5,2018-12-13 13:36:30,2018-12-13 13:36:30
7,1,2018-12-13 13:37:12,2018-12-13 13:37:12
7,4,2018-12-13 13:49:23,2018-12-13 13:49:23
7,7,2018-12-13 13:49:58,2018-12-13 13:49:58
7,7,2018-12-13 13:56:19,2018-12-13 13:56:19
7,4,2018-12-13 13:57:41,2018-12-13 13:57:41
7,4,2018-12-13 14:39:53,2018-12-13 14:39:53
7,4,2018-12-13 15:18:01,2018-12-13 15:18:01
7,7,2018-12-13 15:18:51,2018-12-13 15:18:51
7,5,2018-12-13 15:29:22,2018-12-13 15:29:22
7,5,2018-12-13 15:30:13,2018-12-13 15:30:13
7,4,2018-12-13 15:34:38,2018-12-13 15:34:38
7,5,2018-12-13 15:48:02,2018-12-13 15:48:02
7,5,2018-12-13 15:56:29,2018-12-13 15:56:29
7,5,2018-12-13 15:58:20,2018-12-13 15:58:20
7,4,2018-12-13 15:59:06,2018-12-13 15:59:06
7,5,2018-12-13 16:00:04,2018-12-13 16:00:04
7,5,2018-12-13 17:07:48,2018-12-13 17:07:48
7,5,2018-12-13 17:08:34,2018-12-13 17:08:34
7,4,2018-12-13 17:09:12,2018-12-13 17:09:12
7,5,2018-12-13 18:28:21,2018-12-13 18:28:21
7,4,2018-12-13 18:31:14,2018-12-13 18:31:14
7,7,2018-12-13 18:31:58,2018-12-13 18:31:58
7,7,2018-12-13 18:36:57,2018-12-13 18:36:57
7,4,2018-12-13 18:38:33,2018-12-13 18:38:33
7,5,2018-12-14 13:23:51,2018-12-14 13:23:51
7,4,2018-12-14 13:25:09,2018-12-14 13:25:09
7,5,2018-12-14 13:26:46,2018-12-14 13:26:46
7,5,2018-12-14 13:28:28,2018-12-14 13:28:28
7,5,2018-12-14 13:32:51,2018-12-14 13:32:51
7,12,2018-12-14 13:35:11,2018-12-14 13:35:11
7,5,2018-12-14 14:40:59,2018-12-14 14:40:59
7,5,2018-12-14 15:05:10,2018-12-14 15:05:10
7,5,2018-12-14 15:22:21,2018-12-14 15:22:21
7,5,2018-12-14 15:40:13,2018-12-14 15:40:13
7,5,2018-12-14 15:41:07,2018-12-14 15:41:07
7,4,2018-12-14 15:41:52,2018-12-14 15:41:52
7,5,2018-12-14 15:47:41,2018-12-14 15:47:41
7,5,2018-12-14 15:49:31,2018-12-14 15:49:31
7,4,2018-12-14 15:50:25,2018-12-14 15:50:25
7,5,2018-12-14 15:51:55,2018-12-14 15:51:55
7,5,2018-12-14 15:54:09,2018-12-14 15:54:09
7,4,2018-12-14 15:54:41,2018-12-14 15:54:41
7,5,2018-12-14 15:55:45,2018-12-14 15:55:45
7,7,2018-12-14 15:54:12,2018-12-14 15:54:12
7,7,2018-12-14 16:04:33,2018-12-14 16:04:33
7,4,2018-12-14 16:05:37,2018-12-14 16:05:37
7,7,2018-12-14 16:06:07,2018-12-14 16:06:07
7,5,2018-12-14 16:17:03,2018-12-14 16:17:03
7,5,2018-12-14 16:17:33,2018-12-14 16:17:33
7,5,2018-12-14 18:29:00,2018-12-14 18:29:00
7,5,2018-12-15 12:51:29,2018-12-15 12:51:29
7,5,2018-12-15 12:52:19,2018-12-15 12:52:19
7,5,2018-12-15 12:59:34,2018-12-15 12:59:34
7,4,2018-12-15 13:28:00,2018-12-15 13:28:00
7,5,2018-12-15 13:29:07,2018-12-15 13:29:07
7,5,2018-12-15 14:04:28,2018-12-15 14:04:28
7,5,2018-12-15 14:21:36,2018-12-15 14:21:36
7,5,2018-12-15 14:29:48,2018-12-15 14:29:48
7,7,2018-12-15 15:29:53,2018-12-15 15:29:53
7,6,2018-12-15 15:30:02,2018-12-15 15:30:02
7,4,2018-12-15 15:31:11,2018-12-15 15:31:11
7,7,2018-12-15 15:31:35,2018-12-15 15:31:35
7,5,2018-12-15 15:49:12,2018-12-15 15:49:12
7,7,2018-12-15 15:59:12,2018-12-15 15:59:12
7,7,2018-12-15 16:00:10,2018-12-15 16:00:10
7,4,2018-12-15 16:07:16,2018-12-15 16:07:16
7,7,2018-12-15 16:07:48,2018-12-15 16:07:48
7,7,2018-12-15 17:15:46,2018-12-15 17:15:46
7,7,2018-12-15 17:16:11,2018-12-15 17:16:11
7,4,2018-12-15 17:16:33,2018-12-15 17:16:33
7,7,2018-12-15 17:17:07,2018-12-15 17:17:07
7,5,2018-12-15 18:09:57,2018-12-15 18:09:57
7,5,2018-12-15 18:10:49,2018-12-15 18:10:49
7,4,2018-12-15 18:11:43,2018-12-15 18:11:43
7,5,2018-12-15 18:20:04,2018-12-15 18:20:04
7,4,2018-12-15 18:20:43,2018-12-15 18:20:43
7,4,2018-12-15 18:28:22,2018-12-15 18:28:22
7,4,2018-12-15 18:31:55,2018-12-15 18:31:55
7,5,2018-12-15 18:33:01,2018-12-15 18:33:01
7,5,2018-12-15 18:41:13,2018-12-15 18:41:13
7,12,2018-12-15 18:43:38,2018-12-15 18:43:38
7,5,2018-12-17 13:09:35,2018-12-17 13:09:35
7,6,2018-12-17 13:36:17,2018-12-17 13:36:17
7,4,2018-12-17 13:37:44,2018-12-17 13:37:44
7,7,2018-12-17 13:38:09,2018-12-17 13:38:09
7,5,2018-12-17 14:08:58,2018-12-17 14:08:58
7,4,2018-12-17 14:52:47,2018-12-17 14:52:47
7,7,2018-12-17 14:53:30,2018-12-17 14:53:30
7,4,2018-12-17 15:04:08,2018-12-17 15:04:08
7,5,2018-12-17 15:17:02,2018-12-17 15:17:02
7,5,2018-12-17 15:18:02,2018-12-17 15:18:02
7,4,2018-12-17 15:18:55,2018-12-17 15:18:55
7,5,2018-12-17 15:37:01,2018-12-17 15:37:01
7,5,2019-02-18 15:44:17,2019-02-18 15:44:17
7,5,2018-12-17 15:49:42,2018-12-17 15:49:42
7,5,2018-12-17 15:52:27,2018-12-17 15:52:27
7,5,2018-12-17 15:54:24,2018-12-17 15:54:24
7,7,2018-12-17 16:21:10,2018-12-17 16:21:10
7,7,2018-12-17 16:25:44,2018-12-17 16:25:44
7,4,2018-12-17 16:27:03,2018-12-17 16:27:03
7,7,2018-12-17 16:27:39,2018-12-17 16:27:39
7,4,2018-12-17 18:35:21,2018-12-17 18:35:21
7,7,2018-12-17 18:35:49,2018-12-17 18:35:49
7,7,2018-12-17 18:39:32,2018-12-17 18:39:32
7,4,2018-12-17 18:41:03,2018-12-17 18:41:03
7,5,2018-12-18 13:08:40,2018-12-18 13:08:40
7,7,2018-12-18 13:15:56,2018-12-18 13:15:56
7,4,2018-12-18 13:16:16,2018-12-18 13:16:16
7,7,2018-12-18 13:16:54,2018-12-18 13:16:54
7,4,2018-12-18 13:25:42,2018-12-18 13:25:42
7,7,2018-12-18 13:26:29,2018-12-18 13:26:29
7,5,2018-12-18 13:27:08,2018-12-18 13:27:08
7,4,2018-12-18 13:27:51,2018-12-18 13:27:51
7,5,2018-12-18 13:28:33,2018-12-18 13:28:33
7,5,2018-12-18 13:38:44,2018-12-18 13:38:44
7,4,2018-12-18 13:45:29,2018-12-18 13:45:29
7,4,2018-12-18 13:48:17,2018-12-18 13:48:17
7,4,2018-12-18 13:54:02,2018-12-18 13:54:02
7,7,2018-12-18 13:55:44,2018-12-18 13:55:44
7,7,2018-12-18 14:02:45,2018-12-18 14:02:45
7,5,2018-12-18 15:18:43,2018-12-18 15:18:43
7,5,2018-12-18 15:19:47,2018-12-18 15:19:47
7,4,2018-12-18 15:20:40,2018-12-18 15:20:40
7,4,2018-12-18 15:46:32,2018-12-18 15:46:32
7,5,2018-12-18 15:48:26,2018-12-18 15:48:26
7,5,2018-12-18 15:52:02,2018-12-18 15:52:02
7,7,2018-12-18 15:56:25,2018-12-18 15:56:25
7,5,2018-12-18 15:56:52,2018-12-18 15:56:52
7,7,2018-12-18 15:57:59,2018-12-18 15:57:59
7,5,2018-12-18 15:59:24,2018-12-18 15:59:24
7,5,2018-12-18 16:01:36,2018-12-18 16:01:36
7,4,2018-12-18 16:02:16,2018-12-18 16:02:16
7,5,2018-12-18 16:03:07,2018-12-18 16:03:07
7,7,2018-12-18 16:04:20,2018-12-18 16:04:20
7,7,2018-12-18 16:05:32,2018-12-18 16:05:32
7,4,2018-12-18 16:06:42,2018-12-18 16:06:42
7,4,2018-12-18 16:07:25,2018-12-18 16:07:25
7,4,2018-12-18 18:22:24,2018-12-18 18:22:24
7,4,2018-12-18 18:30:08,2018-12-18 18:30:08
7,5,2018-12-18 18:32:39,2018-12-18 18:32:39
7,4,2018-12-18 18:42:19,2018-12-18 18:42:19
7,7,2018-12-18 18:43:05,2018-12-18 18:43:05
7,7,2018-12-18 18:45:59,2018-12-18 18:45:59
7,4,2018-12-18 18:47:42,2018-12-18 18:47:42
7,4,2018-12-18 18:49:35,2018-12-18 18:49:35
7,4,2018-12-18 18:57:04,2018-12-18 18:57:04
7,4,2018-12-18 19:03:19,2018-12-18 19:03:19
7,7,2018-12-18 19:03:57,2018-12-18 19:03:57
7,4,2018-12-20 13:45:08,2018-12-20 13:45:08
7,4,2018-12-20 13:47:24,2018-12-20 13:47:24
7,5,2018-12-20 13:48:12,2018-12-20 13:48:12
7,4,2018-12-20 13:57:18,2018-12-20 13:57:18
7,5,2018-12-20 13:59:52,2018-12-20 13:59:52
7,4,2018-12-20 14:07:08,2018-12-20 14:07:08
7,7,2018-12-20 14:07:51,2018-12-20 14:07:51
7,7,2018-12-20 14:14:11,2018-12-20 14:14:11
7,5,2018-12-20 14:15:55,2018-12-20 14:15:55
7,5,2018-12-20 14:29:09,2018-12-20 14:29:09
7,4,2018-12-20 15:00:31,2018-12-20 15:00:31
7,5,2018-12-20 15:02:30,2018-12-20 15:02:30
7,7,2018-12-20 15:23:56,2018-12-20 15:23:56
7,7,2018-12-20 15:24:52,2018-12-20 15:24:52
7,7,2018-12-20 15:37:43,2018-12-20 15:37:43
7,4,2018-12-20 15:38:58,2018-12-20 15:38:58
7,7,2018-12-20 15:39:23,2018-12-20 15:39:23
7,5,2018-12-20 15:42:03,2018-12-20 15:42:03
7,5,2018-12-20 15:42:59,2018-12-20 15:42:59
7,4,2018-12-20 15:43:29,2018-12-20 15:43:29
7,5,2018-12-20 15:47:39,2018-12-20 15:47:39
7,3,2018-12-20 15:48:34,2018-12-20 15:48:34
7,5,2018-12-20 15:52:10,2018-12-20 15:52:10
7,5,2018-12-20 15:54:00,2018-12-20 15:54:00
7,4,2018-12-20 15:55:02,2018-12-20 15:55:02
7,5,2018-12-20 15:56:04,2018-12-20 15:56:04
7,5,2018-12-20 16:06:34,2018-12-20 16:06:34
7,4,2018-12-20 16:08:27,2018-12-20 16:08:27
7,5,2018-12-20 18:30:54,2018-12-20 18:30:54
7,4,2018-12-20 18:31:53,2018-12-20 18:31:53
7,4,2018-12-20 18:35:55,2018-12-20 18:35:55
7,5,2018-12-20 18:36:36,2018-12-20 18:36:36
7,5,2018-12-20 18:37:59,2018-12-20 18:37:59
7,5,2018-12-20 18:47:51,2018-12-20 18:47:51
7,5,2018-12-21 13:21:28,2018-12-21 13:21:28
7,4,2018-12-21 13:22:22,2018-12-21 13:22:22
7,5,2018-12-21 13:23:32,2018-12-21 13:23:32
7,5,2018-12-21 13:24:45,2018-12-21 13:24:45
7,5,2018-12-21 13:32:39,2018-12-21 13:32:39
7,7,2018-12-21 13:37:01,2018-12-21 13:37:01
7,4,2018-12-21 13:37:33,2018-12-21 13:37:33
7,7,2018-12-21 13:38:13,2018-12-21 13:38:13
7,4,2018-12-21 14:11:52,2018-12-21 14:11:52
7,5,2018-12-21 14:29:01,2018-12-21 14:29:01
7,4,2018-12-21 18:27:53,2018-12-21 18:27:53
7,4,2018-12-21 18:32:33,2018-12-21 18:32:33
7,5,2018-12-21 18:35:59,2018-12-21 18:35:59
7,5,2018-12-23 13:40:26,2018-12-23 13:40:26
7,7,2018-12-23 14:20:50,2018-12-23 14:20:50
7,4,2018-12-23 14:21:22,2018-12-23 14:21:22
7,7,2018-12-23 14:21:50,2018-12-23 14:21:50
7,7,2018-12-23 14:33:01,2018-12-23 14:33:01
7,4,2018-12-23 14:34:34,2018-12-23 14:34:34
7,4,2018-12-23 14:37:33,2018-12-23 14:37:33
7,7,2018-12-23 14:38:01,2018-12-23 14:38:01
7,7,2018-12-23 14:43:02,2018-12-23 14:43:02
7,4,2018-12-23 14:44:44,2018-12-23 14:44:44
7,5,2018-12-23 17:02:42,2018-12-23 17:02:42
7,4,2018-12-23 17:03:34,2018-12-23 17:03:34
7,5,2018-12-23 17:04:26,2018-12-23 17:04:26
7,5,2018-12-25 13:28:54,2018-12-25 13:28:54
7,5,2018-12-25 13:29:32,2018-12-25 13:29:32
7,5,2018-12-25 13:37:57,2018-12-25 13:37:57
7,7,2018-12-25 15:15:46,2018-12-25 15:15:46
7,4,2018-12-25 15:16:33,2018-12-25 15:16:33
7,7,2018-12-25 15:17:09,2018-12-25 15:17:09
7,7,2018-12-25 15:24:02,2018-12-25 15:24:02
7,4,2018-12-25 15:24:57,2018-12-25 15:24:57
7,7,2018-12-25 15:25:21,2018-12-25 15:25:21
7,4,2018-12-25 16:06:23,2018-12-25 16:06:23
7,4,2018-12-25 16:06:52,2018-12-25 16:06:52
7,5,2018-12-25 16:08:23,2018-12-25 16:08:23
7,5,2018-12-25 18:32:36,2018-12-25 18:32:36
7,4,2018-12-25 18:33:12,2018-12-25 18:33:12
7,4,2018-12-25 18:38:03,2018-12-25 18:38:03
7,5,2018-12-25 18:38:37,2018-12-25 18:38:37
7,5,2018-12-25 18:39:48,2018-12-25 18:39:48
7,5,2018-12-25 18:59:15,2018-12-25 18:59:15
7,12,2018-12-25 19:01:55,2018-12-25 19:01:55
7,7,2018-12-26 13:23:43,2018-12-26 13:23:43
7,4,2018-12-26 13:24:34,2018-12-26 13:24:34
7,4,2018-12-26 13:25:50,2018-12-26 13:25:50
7,5,2018-12-26 13:28:06,2018-12-26 13:28:06
7,4,2018-12-26 13:28:42,2018-12-26 13:28:42
7,7,2018-12-26 13:30:40,2018-12-26 13:30:40
7,4,2018-12-26 13:31:55,2018-12-26 13:31:55
7,7,2018-12-26 13:32:38,2018-12-26 13:32:38
7,4,2018-12-26 13:44:34,2018-12-26 13:44:34
7,4,2018-12-26 13:52:13,2018-12-26 13:52:13
7,5,2018-12-26 13:54:40,2018-12-26 13:54:40
7,5,2018-12-26 13:57:34,2018-12-26 13:57:34
7,5,2018-12-26 14:24:59,2018-12-26 14:24:59
7,4,2018-12-26 14:34:52,2018-12-26 14:34:52
7,7,2018-12-26 14:35:33,2018-12-26 14:35:33
7,7,2018-12-26 14:36:53,2018-12-26 14:36:53
7,4,2018-12-26 14:46:31,2018-12-26 14:46:31
7,5,2018-12-26 15:19:49,2018-12-26 15:19:49
7,4,2018-12-26 15:21:04,2018-12-26 15:21:04
7,7,2018-12-26 15:23:15,2018-12-26 15:23:15
7,4,2018-12-26 15:23:39,2018-12-26 15:23:39
7,7,2018-12-26 15:24:11,2018-12-26 15:24:11
7,7,2018-12-26 15:26:31,2018-12-26 15:26:31
7,4,2018-12-26 15:27:37,2018-12-26 15:27:37
7,5,2018-12-26 15:40:49,2018-12-26 15:40:49
7,4,2018-12-26 15:41:59,2018-12-26 15:41:59
7,5,2018-12-26 15:47:26,2018-12-26 15:47:26
7,5,2018-12-26 15:49:27,2018-12-26 15:49:27
7,4,2018-12-26 15:50:12,2018-12-26 15:50:12
7,7,2018-12-26 15:58:30,2018-12-26 15:58:30
7,7,2018-12-26 15:59:51,2018-12-26 15:59:51
7,7,2018-12-26 16:09:09,2018-12-26 16:09:09
7,4,2018-12-26 16:09:50,2018-12-26 16:09:50
7,7,2018-12-26 16:10:22,2018-12-26 16:10:22
7,4,2018-12-26 16:12:12,2018-12-26 16:12:12
7,5,2018-12-26 16:17:02,2018-12-26 16:17:02
7,7,2018-12-26 18:52:19,2018-12-26 18:52:19
7,4,2018-12-26 18:53:38,2018-12-26 18:53:38
7,7,2018-12-26 18:55:13,2018-12-26 18:55:13
7,4,2018-12-27 13:02:53,2018-12-27 13:02:53
7,4,2018-12-27 13:05:58,2018-12-27 13:05:58
7,5,2018-12-27 13:26:57,2018-12-27 13:26:57
7,5,2018-12-27 13:28:22,2018-12-27 13:28:22
7,5,2018-12-27 13:33:59,2018-12-27 13:33:59
7,12,2018-12-27 13:35:35,2018-12-27 13:35:35
7,4,2018-12-27 13:38:02,2018-12-27 13:38:02
7,5,2018-12-27 13:39:11,2018-12-27 13:39:11
7,4,2018-12-27 13:41:44,2018-12-27 13:41:44
7,7,2018-12-27 13:42:59,2018-12-27 13:42:59
7,7,2018-12-27 13:51:17,2018-12-27 13:51:17
7,4,2018-12-27 13:52:16,2018-12-27 13:52:16
7,5,2018-12-27 15:48:42,2018-12-27 15:48:42
7,5,2018-12-27 15:53:17,2018-12-27 15:53:17
7,5,2018-12-27 15:56:17,2018-12-27 15:56:17
7,4,2018-12-27 15:57:41,2018-12-27 15:57:41
7,5,2018-12-27 16:01:00,2018-12-27 16:01:00
7,5,2018-12-27 18:18:49,2018-12-27 18:18:49
7,4,2018-12-27 18:20:08,2018-12-27 18:20:08
7,4,2018-12-27 18:26:22,2018-12-27 18:26:22
7,5,2018-12-27 18:27:08,2018-12-27 18:27:08
7,5,2018-12-27 18:28:33,2018-12-27 18:28:33
7,5,2018-12-27 18:35:50,2018-12-27 18:35:50
7,12,2018-12-27 18:39:58,2018-12-27 18:39:58
7,4,2018-12-27 18:44:49,2018-12-27 18:44:49
7,7,2018-12-27 18:45:37,2018-12-27 18:45:37
7,4,2018-12-27 19:01:00,2018-12-27 19:01:00
7,5,2018-12-27 19:03:18,2018-12-27 19:03:18
7,4,2018-12-28 13:26:44,2018-12-28 13:26:44
7,5,2018-12-28 13:27:42,2018-12-28 13:27:42
7,5,2018-12-28 13:39:16,2018-12-28 13:39:16
7,5,2018-12-28 18:35:55,2018-12-28 18:35:55
7,4,2018-12-28 18:36:00,2018-12-28 18:36:00
7,5,2018-12-28 18:45:56,2018-12-28 18:45:56
7,4,2018-12-28 18:46:57,2018-12-28 18:46:57
7,4,2018-12-28 18:55:40,2018-12-28 18:55:40
7,5,2018-12-28 18:56:27,2018-12-28 18:56:27
7,7,2018-12-31 13:03:35,2018-12-31 13:03:35
7,4,2018-12-31 13:04:09,2018-12-31 13:04:09
7,7,2018-12-31 13:04:36,2018-12-31 13:04:36
7,4,2018-12-31 13:05:45,2018-12-31 13:05:45
7,5,2018-12-31 13:06:25,2018-12-31 13:06:25
7,5,2018-12-31 13:07:26,2018-12-31 13:07:26
7,5,2018-12-31 13:20:34,2018-12-31 13:20:34
7,5,2018-12-31 13:21:26,2018-12-31 13:21:26
7,4,2018-12-31 13:22:12,2018-12-31 13:22:12
7,7,2018-12-31 13:25:13,2018-12-31 13:25:13
7,4,2018-12-31 13:27:18,2018-12-31 13:27:18
7,7,2018-12-31 13:28:21,2018-12-31 13:28:21
7,5,2018-12-31 13:32:07,2018-12-31 13:32:07
7,5,2018-12-31 15:42:28,2018-12-31 15:42:28
7,5,2018-12-31 15:43:17,2018-12-31 15:43:17
7,5,2018-12-31 15:48:15,2018-12-31 15:48:15
7,5,2018-12-31 15:52:26,2018-12-31 15:52:26
7,5,2018-12-31 15:54:08,2018-12-31 15:54:08
7,4,2018-12-31 15:54:49,2018-12-31 15:54:49
7,5,2018-12-31 15:55:36,2018-12-31 15:55:36
7,5,2018-12-31 16:04:25,2018-12-31 16:04:25
7,7,2018-12-31 17:35:59,2018-12-31 17:35:59
7,4,2018-12-31 17:36:29,2018-12-31 17:36:29
7,4,2018-12-31 18:21:19,2018-12-31 18:21:19
7,5,2018-12-31 18:29:11,2018-12-31 18:29:11
7,4,2018-12-31 18:29:48,2018-12-31 18:29:48
7,4,2018-12-31 18:36:00,2018-12-31 18:36:00
7,5,2018-12-31 18:37:14,2018-12-31 18:37:14
7,5,2018-12-31 18:45:53,2018-12-31 18:45:53
8,5,2018-11-26 03:11:13,2018-11-26 03:11:13
8,5,2018-11-26 03:13:20,2018-11-26 03:13:20
8,1,2018-11-25 21:29:55,2018-11-25 21:29:55
8,1,2018-11-25 21:32:02,2018-11-25 21:32:02
8,1,2018-11-25 23:45:26,2018-11-25 23:45:26
8,1,2018-11-25 23:47:25,2018-11-25 23:47:25
8,5,2018-11-27 06:20:35,2018-11-27 06:20:35
8,4,2018-11-27 06:20:55,2018-11-27 06:20:55
8,1,2018-11-26 21:01:37,2018-11-26 21:01:37
8,1,2018-11-26 21:03:50,2018-11-26 21:03:50
8,5,2018-11-28 06:24:30,2018-11-28 06:24:30
8,4,2018-11-28 06:24:57,2018-11-28 06:24:57
8,7,2018-11-28 06:44:24,2018-11-28 06:44:24
8,4,2018-11-28 06:44:49,2018-11-28 06:44:49
8,7,2018-11-28 06:45:10,2018-11-28 06:45:10
8,7,2018-11-28 06:48:16,2018-11-28 06:48:16
8,4,2018-11-28 06:49:29,2018-11-28 06:49:29
8,4,2018-11-28 07:03:00,2018-11-28 07:03:00
8,7,2018-11-28 07:03:31,2018-11-28 07:03:31
8,1,2018-12-01 03:59:47,2018-12-01 03:59:47
8,1,2018-12-01 04:02:09,2018-12-01 04:02:09
8,1,2018-12-01 22:30:31,2018-12-01 22:30:31
8,1,2018-12-01 22:32:30,2018-12-01 22:32:30
8,10,2018-12-03 00:08:57,2018-12-03 00:08:57
8,9,2018-12-03 00:17:05,2018-12-03 00:17:05
8,1,2018-12-03 01:00:43,2018-12-03 01:00:43
8,1,2018-12-03 01:02:30,2018-12-03 01:02:30
8,2,2018-12-03 01:10:10,2018-12-03 01:10:10
8,2,2018-12-03 01:13:11,2018-12-03 01:13:11
8,5,2018-12-03 06:19:15,2018-12-03 06:19:15
8,4,2018-12-03 06:19:32,2018-12-03 06:19:32
8,7,2018-12-03 06:41:01,2018-12-03 06:41:01
8,4,2018-12-03 06:41:39,2018-12-03 06:41:39
8,7,2018-12-03 06:44:46,2018-12-03 06:44:46
8,1,2018-12-04 02:45:06,2018-12-04 02:45:06
8,1,2018-12-04 02:47:07,2018-12-04 02:47:07
8,10,2018-12-04 03:51:43,2018-12-04 03:51:43
8,1,2018-12-04 05:31:50,2018-12-04 05:31:50
8,1,2018-12-04 05:36:03,2018-12-04 05:36:03
8,9,2018-12-04 05:43:22,2018-12-04 05:43:22
8,5,2018-12-04 05:50:35,2018-12-04 05:50:35
8,4,2018-12-04 05:51:11,2018-12-04 05:51:11
8,7,2018-12-04 05:52:06,2018-12-04 05:52:06
8,7,2018-12-04 05:54:23,2018-12-04 05:54:23
8,1,2018-12-04 06:02:34,2018-12-04 06:02:34
8,1,2018-12-04 06:04:00,2018-12-04 06:04:00
8,10,2018-12-07 04:04:36,2018-12-07 04:04:36
8,1,2018-12-07 04:12:44,2018-12-07 04:12:44
8,12,2018-12-07 04:31:35,2018-12-07 04:31:35
8,7,2018-12-07 06:09:21,2018-12-07 06:09:21
8,4,2018-12-07 06:09:56,2018-12-07 06:09:56
8,1,2018-12-07 06:17:31,2018-12-07 06:17:31
8,1,2018-12-08 02:31:56,2018-12-08 02:31:56
8,1,2018-12-08 02:33:41,2018-12-08 02:33:41
8,1,2018-12-08 03:24:40,2018-12-08 03:24:40
8,1,2018-12-08 03:26:19,2018-12-08 03:26:19
8,1,2018-12-08 05:42:51,2018-12-08 05:42:51
8,1,2018-12-08 05:44:42,2018-12-08 05:44:42
8,5,2018-12-08 05:55:05,2018-12-08 05:55:05
8,4,2018-12-08 05:55:32,2018-12-08 05:55:32
8,7,2018-12-08 05:56:15,2018-12-08 05:56:15
8,7,2018-12-08 05:59:35,2018-12-08 05:59:35
8,4,2018-12-08 06:01:21,2018-12-08 06:01:21
8,3,2018-12-08 06:20:13,2018-12-08 06:20:13
8,10,2018-12-09 00:13:36,2018-12-09 00:13:36
8,12,2018-12-09 00:28:45,2018-12-09 00:28:45
8,9,2018-12-09 00:53:04,2018-12-09 00:53:04
8,1,2018-12-09 02:03:35,2018-12-09 02:03:35
8,1,2018-12-09 02:05:26,2018-12-09 02:05:26
8,7,2018-12-09 05:40:52,2018-12-09 05:40:52
8,4,2018-12-09 05:41:10,2018-12-09 05:41:10
8,7,2018-12-09 05:44:26,2018-12-09 05:44:26
8,4,2018-12-09 05:45:31,2018-12-09 05:45:31
8,1,2018-12-09 00:05:53,2018-12-09 00:05:53
8,10,2018-12-09 00:17:03,2018-12-09 00:17:03
8,10,2018-12-09 00:54:54,2018-12-09 00:54:54
8,12,2018-12-09 00:58:34,2018-12-09 00:58:34
8,2,2018-12-09 01:00:47,2018-12-09 01:00:47
8,1,2018-12-09 01:52:34,2018-12-09 01:52:34
8,8,2019-02-19 01:55:07,2019-02-19 01:55:07
8,7,2018-12-09 06:19:50,2018-12-09 06:19:50
8,4,2018-12-09 06:20:08,2018-12-09 06:20:08
8,4,2018-12-09 06:23:51,2018-12-09 06:23:51
8,5,2018-12-09 06:29:17,2018-12-09 06:29:17
8,4,2018-12-09 06:29:45,2018-12-09 06:29:45
8,12,2018-12-12 03:56:16,2018-12-12 03:56:16
8,10,2018-12-12 04:01:59,2018-12-12 04:01:59
8,1,2018-12-12 04:14:02,2018-12-12 04:14:02
8,1,2018-12-12 04:17:32,2018-12-12 04:17:32
8,12,2018-12-12 04:49:58,2018-12-12 04:49:58
8,1,2018-12-12 05:33:30,2018-12-12 05:33:30
8,5,2018-12-12 05:47:06,2018-12-12 05:47:06
8,4,2018-12-12 05:49:27,2018-12-12 05:49:27
8,12,2018-12-12 06:32:33,2018-12-12 06:32:33
8,12,2018-12-13 03:40:18,2018-12-13 03:40:18
8,12,2018-12-13 03:43:28,2018-12-13 03:43:28
8,12,2018-12-13 03:48:00,2018-12-13 03:48:00
8,9,2018-12-13 03:54:33,2018-12-13 03:54:33
8,1,2018-12-13 03:57:20,2018-12-13 03:57:20
8,1,2018-12-13 03:59:24,2018-12-13 03:59:24
8,10,2018-12-13 04:02:51,2018-12-13 04:02:51
8,1,2018-12-13 05:41:18,2018-12-13 05:41:18
8,1,2018-12-13 05:43:11,2018-12-13 05:43:11
8,5,2018-12-13 05:53:08,2018-12-13 05:53:08
8,4,2018-12-13 05:53:36,2018-12-13 05:53:36
8,1,2018-12-13 06:05:20,2018-12-13 06:05:20
8,1,2018-12-13 23:41:23,2018-12-13 23:41:23
8,1,2018-12-13 23:43:00,2018-12-13 23:43:00
8,10,2018-12-14 03:46:59,2018-12-14 03:46:59
8,1,2018-12-14 03:50:42,2018-12-14 03:50:42
8,6,2018-12-14 03:52:34,2018-12-14 03:52:34
8,1,2018-12-14 05:39:10,2018-12-14 05:39:10
8,5,2019-02-19 05:53:30,2019-02-19 05:53:30
8,4,2018-12-14 05:53:41,2018-12-14 05:53:41
8,1,2018-12-14 06:04:15,2018-12-14 06:04:15
8,12,2018-12-14 06:25:39,2018-12-14 06:25:39
8,12,2018-12-14 06:30:16,2018-12-14 06:30:16
8,1,2018-12-16 02:52:29,2018-12-16 02:52:29
8,1,2018-12-16 02:54:32,2018-12-16 02:54:32
8,12,2018-12-16 03:48:17,2018-12-16 03:48:17
8,12,2018-12-16 03:54:27,2018-12-16 03:54:27
8,10,2018-12-16 04:00:36,2018-12-16 04:00:36
8,1,2018-12-16 04:03:28,2018-12-16 04:03:28
8,1,2018-12-16 04:05:10,2018-12-16 04:05:10
8,1,2018-12-16 05:42:30,2018-12-16 05:42:30
8,1,2018-12-16 05:44:29,2018-12-16 05:44:29
8,5,2018-12-16 05:54:09,2018-12-16 05:54:09
8,4,2018-12-16 05:58:44,2018-12-16 05:58:44
8,10,2018-12-16 06:01:55,2018-12-16 06:01:55
8,1,2018-12-16 06:10:47,2018-12-16 06:10:47
8,12,2018-12-16 06:45:53,2018-12-16 06:45:53
8,1,2018-12-17 03:45:54,2018-12-17 03:45:54
8,1,2018-12-17 03:48:35,2018-12-17 03:48:35
8,10,2018-12-17 03:54:39,2018-12-17 03:54:39
8,1,2018-12-17 05:47:09,2018-12-17 05:47:09
8,1,2018-12-17 05:49:35,2018-12-17 05:49:35
8,5,2018-12-17 05:57:57,2018-12-17 05:57:57
8,4,2018-12-17 05:58:38,2018-12-17 05:58:38
8,4,2018-12-17 06:02:17,2018-12-17 06:02:17
8,12,2018-12-17 06:39:25,2018-12-17 06:39:25
8,12,2018-12-17 06:42:42,2018-12-17 06:42:42
8,12,2018-12-18 03:37:59,2018-12-18 03:37:59
8,9,2018-12-18 03:48:43,2018-12-18 03:48:43
8,1,2018-12-18 05:38:42,2018-12-18 05:38:42
8,1,2018-12-18 05:41:21,2018-12-18 05:41:21
8,5,2018-12-18 05:51:36,2018-12-18 05:51:36
8,4,2018-12-18 05:53:14,2018-12-18 05:53:14
8,4,2018-12-18 05:57:15,2018-12-18 05:57:15
8,1,2018-12-18 06:06:06,2018-12-18 06:06:06
8,12,2018-12-18 06:42:57,2018-12-18 06:42:57
8,12,2018-12-18 06:46:05,2018-12-18 06:46:05
8,12,2018-12-18 23:33:14,2018-12-18 23:33:14
8,10,2018-12-18 23:44:03,2018-12-18 23:44:03
8,9,2018-12-19 00:18:09,2018-12-19 00:18:09
8,12,2018-12-19 00:28:04,2018-12-19 00:28:04
8,1,2018-12-19 00:53:08,2018-12-19 00:53:08
8,1,2018-12-19 00:54:51,2018-12-19 00:54:51
8,10,2018-12-19 01:01:01,2018-12-19 01:01:01
8,5,2018-12-19 06:12:33,2018-12-19 06:12:33
8,1,2018-12-22 03:02:00,2018-12-22 03:02:00
8,1,2018-12-22 03:03:35,2018-12-22 03:03:35
8,12,2018-12-22 03:43:10,2018-12-22 03:43:10
8,12,2018-12-22 03:48:03,2018-12-22 03:48:03
8,9,2018-12-22 03:51:58,2018-12-22 03:51:58
8,10,2018-12-22 03:55:39,2018-12-22 03:55:39
8,1,2018-12-22 04:03:44,2018-12-22 04:03:44
8,1,2018-12-22 04:05:39,2018-12-22 04:05:39
8,1,2018-12-22 05:37:57,2018-12-22 05:37:57
8,1,2018-12-22 05:39:29,2018-12-22 05:39:29
8,5,2018-12-22 05:47:59,2018-12-22 05:47:59
8,4,2018-12-22 05:48:21,2018-12-22 05:48:21
8,4,2018-12-22 05:52:38,2018-12-22 05:52:38
8,1,2018-12-22 06:04:47,2018-12-22 06:04:47
8,1,2018-12-22 06:07:49,2018-12-22 06:07:49
8,12,2018-12-22 06:42:42,2018-12-22 06:42:42
8,1,2018-12-22 23:19:32,2018-12-22 23:19:32
8,1,2018-12-22 23:21:22,2018-12-22 23:21:22
8,12,2018-12-23 00:31:22,2018-12-23 00:31:22
8,10,2018-12-23 01:02:00,2018-12-23 01:02:00
8,1,2018-12-23 01:04:09,2018-12-23 01:04:09
8,1,2018-12-23 01:05:50,2018-12-23 01:05:50
8,12,2018-12-23 01:19:46,2018-12-23 01:19:46
8,4,2018-12-23 01:44:43,2018-12-23 01:44:43
8,7,2018-12-23 01:45:12,2018-12-23 01:45:12
8,5,2018-12-23 01:19:32,2018-12-23 01:19:32
8,1,2018-12-23 22:02:54,2018-12-23 22:02:54
8,1,2018-12-23 22:05:08,2018-12-23 22:05:08
8,1,2018-12-23 23:46:34,2018-12-23 23:46:34
8,1,2018-12-23 23:48:17,2018-12-23 23:48:17
8,10,2018-12-24 00:19:22,2018-12-24 00:19:22
8,12,2018-12-24 00:32:38,2018-12-24 00:32:38
8,9,2018-12-24 00:49:37,2018-12-24 00:49:37
8,12,2018-12-24 00:53:08,2018-12-24 00:53:08
8,1,2018-12-24 01:53:44,2018-12-24 01:53:44
8,1,2018-12-24 01:55:54,2018-12-24 01:55:54
8,5,2018-12-24 06:10:18,2018-12-24 06:10:18
8,4,2018-12-24 06:10:40,2018-12-24 06:10:40
8,12,2018-12-27 03:46:31,2018-12-27 03:46:31
8,9,2018-12-27 03:56:13,2018-12-27 03:56:13
8,1,2018-12-27 04:00:32,2018-12-27 04:00:32
8,1,2018-12-27 04:02:35,2018-12-27 04:02:35
8,1,2018-12-27 05:39:11,2018-12-27 05:39:11
8,1,2018-12-27 05:40:48,2018-12-27 05:40:48
8,5,2018-12-27 05:46:30,2018-12-27 05:46:30
8,4,2018-12-27 05:46:55,2018-12-27 05:46:55
8,4,2018-12-27 05:50:37,2018-12-27 05:50:37
8,1,2018-12-27 06:19:56,2018-12-27 06:19:56
8,12,2018-12-28 00:37:26,2018-12-28 00:37:26
8,9,2018-12-28 00:52:21,2018-12-28 00:52:21
8,10,2018-12-28 01:21:39,2018-12-28 01:21:39
8,4,2018-12-28 01:48:28,2018-12-28 01:48:28
8,7,2018-12-28 01:49:06,2018-12-28 01:49:06
8,1,2018-12-28 05:37:03,2018-12-28 05:37:03
8,1,2018-12-28 05:38:57,2018-12-28 05:38:57
8,5,2018-12-28 06:11:50,2018-12-28 06:11:50
8,9,2018-12-29 00:18:08,2018-12-29 00:18:08
8,12,2018-12-29 00:21:49,2018-12-29 00:21:49
8,12,2018-12-29 00:32:01,2018-12-29 00:32:01
8,10,2018-12-29 00:54:21,2018-12-29 00:54:21
8,1,2018-12-29 00:59:31,2018-12-29 00:59:31
8,1,2018-12-29 01:01:21,2018-12-29 01:01:21
8,5,2018-12-29 06:23:45,2018-12-29 06:23:45
8,4,2018-12-29 06:24:13,2018-12-29 06:24:13
8,1,2019-01-01 02:59:57,2019-01-01 02:59:57
8,10,2019-01-01 03:50:50,2019-01-01 03:50:50
8,1,2019-01-01 05:40:49,2019-01-01 05:40:49
8,1,2019-01-01 05:42:48,2019-01-01 05:42:48
8,5,2019-01-01 05:51:53,2019-01-01 05:51:53
8,1,2019-01-01 06:06:45,2019-01-01 06:06:45
8,1,2019-01-01 06:10:54,2019-01-01 06:10:54
8,12,2019-01-01 06:30:27,2019-01-01 06:30:27
18,5,2018-11-22 19:17:46,2018-11-22 19:17:46
18,4,2018-11-22 19:20:08,2018-11-22 19:20:08
18,5,2018-11-22 19:23:28,2018-11-22 19:23:28
18,4,2018-11-22 19:31:08,2018-11-22 19:31:08
18,5,2018-11-22 19:35:09,2018-11-22 19:35:09
18,7,2018-11-22 19:42:44,2018-11-22 19:42:44
18,10,2018-11-22 19:54:00,2018-11-22 19:54:00
18,7,2018-11-22 21:28:31,2018-11-22 21:28:31
18,9,2018-11-22 22:13:00,2018-11-22 22:13:00
18,10,2018-11-22 22:46:19,2018-11-22 22:46:19
18,10,2018-11-22 23:17:59,2018-11-22 23:17:59
18,9,2018-11-22 23:59:32,2018-11-22 23:59:32
18,10,2018-11-24 04:56:35,2018-11-24 04:56:35
18,9,2018-11-24 05:06:07,2018-11-24 05:06:07
18,10,2018-11-24 05:19:38,2018-11-24 05:19:38
18,9,2018-11-24 05:27:10,2018-11-24 05:27:10
18,9,2018-11-24 05:27:40,2018-11-24 05:27:40
18,3,2018-11-25 08:28:29,2018-11-25 08:28:29
18,1,2018-11-24 09:09:12,2018-11-24 09:09:12
18,3,2018-11-24 09:16:42,2018-11-24 09:16:42
18,5,2018-11-24 09:46:56,2018-11-24 09:46:56
18,5,2018-11-24 10:56:11,2018-11-24 10:56:11
18,7,2018-11-24 11:01:32,2018-11-24 11:01:32
18,5,2018-11-24 12:31:32,2018-11-24 12:31:32
18,5,2018-11-24 13:07:39,2018-11-24 13:07:39
18,5,2018-11-24 13:35:43,2018-11-24 13:35:43
18,4,2018-11-24 14:17:13,2018-11-24 14:17:13
18,5,2018-11-24 14:17:39,2018-11-24 14:17:39
18,4,2018-11-24 14:21:47,2018-11-24 14:21:47
18,5,2018-11-24 14:21:50,2018-11-24 14:21:50
18,3,2018-11-24 14:31:26,2018-11-24 14:31:26
18,3,2018-11-24 17:28:37,2018-11-24 17:28:37
18,5,2018-11-24 17:34:03,2018-11-24 17:34:03
18,4,2018-11-27 08:00:55,2018-11-27 08:00:55
18,4,2018-11-27 08:06:20,2018-11-27 08:06:20
18,3,2018-11-27 08:11:12,2018-11-27 08:11:12
18,5,2018-11-27 08:16:37,2018-11-27 08:16:37
18,3,2018-11-27 08:25:20,2018-11-27 08:25:20
18,7,2018-11-27 08:42:29,2018-11-27 08:42:29
18,5,2018-11-27 08:48:53,2018-11-27 08:48:53
18,3,2018-11-26 09:32:03,2018-11-26 09:32:03
18,5,2018-11-26 09:38:53,2018-11-26 09:38:53
18,5,2018-11-26 10:26:32,2018-11-26 10:26:32
18,4,2018-11-26 10:30:00,2018-11-26 10:30:00
18,7,2018-11-26 10:30:41,2018-11-26 10:30:41
18,4,2018-11-26 10:32:58,2018-11-26 10:32:58
18,5,2018-11-26 10:34:54,2018-11-26 10:34:54
18,4,2018-11-26 10:49:27,2018-11-26 10:49:27
18,5,2018-11-26 10:52:20,2018-11-26 10:52:20
18,3,2018-11-26 10:55:31,2018-11-26 10:55:31
18,5,2018-11-26 12:01:35,2018-11-26 12:01:35
18,4,2018-11-26 12:04:47,2018-11-26 12:04:47
18,1,2018-11-26 12:59:30,2018-11-26 12:59:30
18,4,2018-11-26 12:59:33,2018-11-26 12:59:33
18,4,2018-11-27 20:44:38,2018-11-27 20:44:38
18,9,2018-11-27 23:34:28,2018-11-27 23:34:28
18,9,2018-11-27 23:47:05,2018-11-27 23:47:05
18,9,2018-11-27 23:55:13,2018-11-27 23:55:13
18,10,2018-11-29 00:08:23,2018-11-29 00:08:23
18,10,2018-11-29 03:19:23,2018-11-29 03:19:23
18,10,2018-11-29 04:09:38,2018-11-29 04:09:38
18,10,2018-11-29 04:28:00,2018-11-29 04:28:00
18,9,2018-11-29 04:41:46,2018-11-29 04:41:46
18,10,2018-11-29 06:34:22,2018-11-29 06:34:22
18,7,2018-11-29 06:52:44,2018-11-29 06:52:44
18,3,2018-11-30 09:09:16,2018-11-30 09:09:16
18,5,2018-11-30 10:29:55,2018-11-30 10:29:55
18,4,2018-11-30 10:32:42,2018-11-30 10:32:42
18,5,2018-11-30 10:33:26,2018-11-30 10:33:26
18,7,2018-11-30 11:09:11,2018-11-30 11:09:11
18,4,2018-11-30 11:11:27,2018-11-30 11:11:27
18,3,2018-11-30 12:09:57,2018-11-30 12:09:57
18,5,2018-11-30 12:10:25,2018-11-30 12:10:25
18,5,2018-11-30 17:36:21,2018-11-30 17:36:21
18,4,2018-11-30 17:38:11,2018-11-30 17:38:11
18,7,2018-12-01 21:30:03,2018-12-01 21:30:03
18,9,2018-12-01 22:23:43,2018-12-01 22:23:43
18,10,2018-12-01 22:35:36,2018-12-01 22:35:36
18,10,2018-12-01 22:43:02,2018-12-01 22:43:02
18,9,2018-12-01 22:50:29,2018-12-01 22:50:29
18,9,2018-12-01 23:29:35,2018-12-01 23:29:35
18,10,2018-12-01 23:46:32,2018-12-01 23:46:32
18,9,2018-12-01 23:53:28,2018-12-01 23:53:28
18,9,2018-12-01 23:58:27,2018-12-01 23:58:27
18,10,2018-12-03 00:01:08,2018-12-03 00:01:08
18,9,2018-12-03 00:24:18,2018-12-03 00:24:18
18,9,2018-12-03 03:06:13,2018-12-03 03:06:13
18,10,2018-12-03 04:14:00,2018-12-03 04:14:00
18,7,2018-12-03 06:28:29,2018-12-03 06:28:29
18,10,2018-12-03 06:43:04,2018-12-03 06:43:04
18,5,2018-12-03 06:52:23,2018-12-03 06:52:23
18,4,2018-12-03 06:55:55,2018-12-03 06:55:55
18,7,2018-12-03 07:04:18,2018-12-03 07:04:18
18,7,2018-12-03 07:20:09,2018-12-03 07:20:09
18,5,2018-12-03 07:39:30,2018-12-03 07:39:30
18,5,2018-12-03 07:50:16,2018-12-03 07:50:16
18,4,2018-12-03 07:55:12,2018-12-03 07:55:12
18,5,2018-12-03 08:07:30,2018-12-03 08:07:30
18,5,2018-12-04 08:30:09,2018-12-04 08:30:09
18,4,2018-12-04 08:41:20,2018-12-04 08:41:20
18,5,2018-12-04 08:41:37,2018-12-04 08:41:37
18,4,2018-12-04 08:44:14,2018-12-04 08:44:14
18,5,2018-12-04 08:51:59,2018-12-04 08:51:59
18,3,2018-12-03 09:26:33,2018-12-03 09:26:33
18,5,2018-12-03 09:43:32,2018-12-03 09:43:32
18,4,2018-12-03 09:45:06,2018-12-03 09:45:06
18,4,2018-12-03 10:44:44,2018-12-03 10:44:44
18,5,2018-12-03 10:45:26,2018-12-03 10:45:26
18,4,2018-12-03 10:47:50,2018-12-03 10:47:50
18,5,2018-12-03 10:49:02,2018-12-03 10:49:02
18,3,2018-12-03 10:53:08,2018-12-03 10:53:08
18,4,2018-12-03 11:35:46,2018-12-03 11:35:46
18,7,2018-12-03 11:36:18,2018-12-03 11:36:18
18,5,2018-12-03 12:14:33,2018-12-03 12:14:33
18,4,2018-12-03 12:14:38,2018-12-03 12:14:38
18,5,2018-12-03 12:16:29,2018-12-03 12:16:29
18,4,2018-12-03 12:19:24,2018-12-03 12:19:24
18,3,2018-12-03 13:05:19,2018-12-03 13:05:19
18,5,2018-12-03 13:09:09,2018-12-03 13:09:09
18,5,2018-12-03 13:23:08,2018-12-03 13:23:08
18,4,2018-12-03 13:25:10,2018-12-03 13:25:10
18,5,2018-12-03 13:44:33,2018-12-03 13:44:33
18,5,2018-12-03 13:57:13,2018-12-03 13:57:13
18,7,2018-12-03 13:57:20,2018-12-03 13:57:20
18,5,2018-12-03 17:01:39,2018-12-03 17:01:39
18,5,2018-12-03 17:16:49,2018-12-03 17:16:49
18,5,2018-12-03 17:24:27,2018-12-03 17:24:27
18,7,2018-12-03 18:01:47,2018-12-03 18:01:47
18,4,2019-02-18 18:03:38,2019-02-18 18:03:38
18,5,2018-12-05 12:49:32,2018-12-05 12:49:32
18,1,2018-12-05 12:50:21,2018-12-05 12:50:21
18,1,2018-12-05 12:50:28,2018-12-05 12:50:28
18,5,2018-12-05 17:12:05,2018-12-05 17:12:05
18,4,2018-12-05 17:14:54,2018-12-05 17:14:54
18,5,2018-12-05 17:16:48,2018-12-05 17:16:48
18,5,2018-12-06 11:10:10,2018-12-06 11:10:10
18,3,2018-12-08 08:17:21,2018-12-08 08:17:21
18,5,2018-12-07 09:37:05,2018-12-07 09:37:05
18,5,2018-12-07 10:02:37,2018-12-07 10:02:37
18,4,2018-12-07 10:04:21,2018-12-07 10:04:21
18,5,2018-12-07 10:53:16,2018-12-07 10:53:16
18,5,2018-12-07 10:57:15,2018-12-07 10:57:15
18,5,2018-12-10 08:04:53,2018-12-10 08:04:53
18,4,2019-02-19 08:08:51,2019-02-19 08:08:51
18,3,2018-12-10 08:12:12,2018-12-10 08:12:12
18,5,2018-12-10 08:20:23,2018-12-10 08:20:23
18,4,2019-02-19 08:23:27,2019-02-19 08:23:27
18,5,2018-12-10 08:56:31,2018-12-10 08:56:31
18,5,2018-12-10 09:22:02,2018-12-10 09:22:02
18,7,2019-02-18 09:45:08,2019-02-18 09:45:08
18,5,2019-02-18 10:40:34,2019-02-18 10:40:34
18,4,2019-02-18 10:41:01,2019-02-18 10:41:01
18,5,2019-02-18 10:44:22,2019-02-18 10:44:22
18,4,2019-02-18 11:15:08,2019-02-18 11:15:08
18,5,2019-02-18 11:16:39,2019-02-18 11:16:39
18,5,2019-02-18 11:49:37,2019-02-18 11:49:37
18,5,2019-02-18 11:50:04,2019-02-18 11:50:04
18,3,2018-12-10 12:19:31,2018-12-10 12:19:31
18,3,2019-02-18 12:48:36,2019-02-18 12:48:36
18,5,2018-12-10 12:48:37,2018-12-10 12:48:37
18,5,2019-02-18 12:52:57,2019-02-18 12:52:57
18,4,2018-12-10 12:53:37,2018-12-10 12:53:37
18,5,2018-12-11 09:06:50,2018-12-11 09:06:50
18,5,2018-12-11 09:40:29,2018-12-11 09:40:29
18,5,2018-12-11 09:52:35,2018-12-11 09:52:35
18,3,2018-12-16 08:37:36,2018-12-16 08:37:36
18,1,2018-12-16 08:51:31,2018-12-16 08:51:31
18,5,2018-12-16 09:20:51,2018-12-16 09:20:51
18,5,2018-12-16 09:46:55,2018-12-16 09:46:55
18,5,2018-12-18 19:00:22,2018-12-18 19:00:22
18,5,2018-12-18 19:16:30,2018-12-18 19:16:30
18,7,2018-12-19 07:13:38,2018-12-19 07:13:38
18,5,2018-12-19 07:26:26,2018-12-19 07:26:26
18,5,2018-12-19 07:41:30,2018-12-19 07:41:30
18,5,2018-12-19 07:50:10,2018-12-19 07:50:10
18,5,2018-12-19 07:58:53,2018-12-19 07:58:53
18,3,2018-12-20 12:06:54,2018-12-20 12:06:54
18,3,2018-12-20 17:36:32,2018-12-20 17:36:32
18,5,2018-12-20 17:39:05,2018-12-20 17:39:05
18,5,2018-12-20 17:42:33,2018-12-20 17:42:33
18,5,2018-12-20 18:12:59,2018-12-20 18:12:59
18,5,2018-12-20 19:26:42,2018-12-20 19:26:42
18,5,2018-12-21 07:52:05,2018-12-21 07:52:05
18,5,2018-12-22 18:49:45,2018-12-22 18:49:45
18,4,2018-12-22 19:57:43,2018-12-22 19:57:43
18,5,2018-12-22 20:02:05,2018-12-22 20:02:05
18,5,2018-12-23 07:27:40,2018-12-23 07:27:40
18,5,2018-12-24 07:55:48,2018-12-24 07:55:48
18,4,2018-12-24 08:02:56,2018-12-24 08:02:56
18,3,2018-12-24 08:07:36,2018-12-24 08:07:36
18,3,2018-12-24 08:26:10,2018-12-24 08:26:10
18,5,2018-12-24 08:41:18,2018-12-24 08:41:18
18,5,2018-12-24 08:52:08,2018-12-24 08:52:08
18,5,2018-12-24 11:12:46,2018-12-24 11:12:46
18,5,2018-12-24 15:04:53,2018-12-24 15:04:53
18,3,2018-12-25 08:23:22,2018-12-25 08:23:22
18,5,2018-12-25 10:58:46,2018-12-25 10:58:46
18,7,2018-12-26 19:21:01,2018-12-26 19:21:01
18,4,2018-12-26 19:40:22,2018-12-26 19:40:22
18,5,2018-12-26 19:43:46,2018-12-26 19:43:46
18,2,2018-12-26 19:50:09,2018-12-26 19:50:09
18,5,2018-12-26 19:53:39,2018-12-26 19:53:39
18,5,2018-12-26 20:11:44,2018-12-26 20:11:44
18,5,2018-12-28 13:59:18,2018-12-28 13:59:18
18,5,2018-12-28 14:11:46,2018-12-28 14:11:46
18,12,2019-01-24 16:43:25,2019-01-24 16:43:25
38,1,2018-11-21 14:15:29,2018-11-21 14:15:29
38,9,2018-11-24 09:50:51,2018-11-24 09:50:51
38,6,2018-11-24 09:52:13,2018-11-24 09:52:13
38,9,2018-11-25 18:59:30,2018-11-25 18:59:30
38,9,2018-12-16 18:13:02,2018-12-16 18:13:02
38,10,2018-12-18 10:16:32,2018-12-18 10:16:32
38,6,2018-12-23 18:04:14,2018-12-23 18:04:14
38,8,2018-12-23 18:04:23,2018-12-23 18:04:23
38,9,2018-12-23 18:34:28,2018-12-23 18:34:28
38,12,2019-01-24 16:44:41,2019-01-24 16:44:41
51,1,2018-11-21 14:15:35,2018-11-21 14:15:35
51,3,2018-11-21 14:31:31,2018-11-21 14:31:31
51,5,2018-11-21 14:31:52,2018-11-21 14:31:52
51,10,2018-11-22 21:37:46,2018-11-22 21:37:46
51,9,2018-11-22 21:43:33,2018-11-22 21:43:33
51,12,2018-11-22 21:50:12,2018-11-22 21:50:12
51,12,2018-11-22 21:54:46,2018-11-22 21:54:46
51,12,2018-11-22 21:59:58,2018-11-22 21:59:58
51,9,2018-11-22 22:00:24,2018-11-22 22:00:24
51,12,2018-11-22 22:06:00,2018-11-22 22:06:00
51,10,2018-11-22 22:06:18,2018-11-22 22:06:18
51,12,2018-11-22 22:13:05,2018-11-22 22:13:05
51,10,2018-11-22 22:13:17,2018-11-22 22:13:17
51,12,2018-11-22 22:19:57,2018-11-22 22:19:57
51,9,2018-11-24 05:09:45,2018-11-24 05:09:45
51,12,2018-11-24 05:15:04,2018-11-24 05:15:04
51,10,2018-11-24 05:15:20,2018-11-24 05:15:20
51,12,2018-11-24 05:24:50,2018-11-24 05:24:50
51,9,2018-11-24 05:25:07,2018-11-24 05:25:07
51,12,2018-11-24 05:33:23,2018-11-24 05:33:23
51,10,2018-11-24 05:33:44,2018-11-24 05:33:44
51,12,2018-11-24 05:39:26,2018-11-24 05:39:26
51,10,2018-11-24 05:39:50,2018-11-24 05:39:50
51,12,2018-11-24 05:45:25,2018-11-24 05:45:25
51,10,2018-11-24 05:45:45,2018-11-24 05:45:45
51,12,2018-11-24 05:51:52,2018-11-24 05:51:52
51,9,2018-11-24 05:52:03,2018-11-24 05:52:03
51,12,2018-11-25 10:24:29,2018-11-25 10:24:29
51,9,2018-11-25 10:28:12,2018-11-25 10:28:12
51,12,2018-11-25 10:32:13,2018-11-25 10:32:13
51,9,2018-11-25 10:36:30,2018-11-25 10:36:30
51,12,2018-11-25 10:43:04,2018-11-25 10:43:04
51,10,2018-11-25 10:43:14,2018-11-25 10:43:14
51,12,2018-11-25 10:46:02,2018-11-25 10:46:02
51,12,2018-11-25 10:57:52,2018-11-25 10:57:52
51,9,2018-11-25 10:58:05,2018-11-25 10:58:05
51,12,2018-11-25 11:05:57,2018-11-25 11:05:57
51,9,2018-11-25 11:06:15,2018-11-25 11:06:15
51,12,2018-11-25 11:17:07,2018-11-25 11:17:07
51,10,2018-11-25 11:17:21,2018-11-25 11:17:21
51,12,2018-11-25 11:25:10,2018-11-25 11:25:10
51,9,2018-11-25 11:25:21,2018-11-25 11:25:21
51,5,2018-11-25 12:06:03,2018-11-25 12:06:03
51,4,2018-11-25 12:07:15,2018-11-25 12:07:15
51,4,2018-11-25 13:01:43,2018-11-25 13:01:43
51,5,2018-11-25 13:06:39,2018-11-25 13:06:39
51,12,2018-11-25 14:22:50,2018-11-25 14:22:50
51,10,2018-11-25 14:34:04,2018-11-25 14:34:04
51,12,2018-11-25 14:40:11,2018-11-25 14:40:11
51,9,2018-11-25 14:40:30,2018-11-25 14:40:30
51,12,2018-11-25 14:46:40,2018-11-25 14:46:40
51,10,2018-11-25 14:46:54,2018-11-25 14:46:54
51,12,2018-11-25 14:50:04,2018-11-25 14:50:04
51,12,2018-11-25 15:02:58,2018-11-25 15:02:58
51,10,2018-11-25 15:03:18,2018-11-25 15:03:18
51,12,2018-11-25 15:09:41,2018-11-25 15:09:41
51,12,2018-11-25 15:15:49,2018-11-25 15:15:49
51,10,2018-11-25 15:15:59,2018-11-25 15:15:59
51,12,2018-11-25 15:24:59,2018-11-25 15:24:59
51,12,2018-11-25 18:13:32,2018-11-25 18:13:32
51,12,2018-11-25 18:23:38,2018-11-25 18:23:38
51,9,2018-11-25 18:23:48,2018-11-25 18:23:48
51,12,2018-11-25 18:34:23,2018-11-25 18:34:23
51,12,2018-11-25 18:39:49,2018-11-25 18:39:49
51,9,2018-11-25 18:40:15,2018-11-25 18:40:15
51,12,2018-11-25 18:46:25,2018-11-25 18:46:25
51,10,2018-11-25 18:46:35,2018-11-25 18:46:35
51,12,2018-11-26 21:15:04,2018-11-26 21:15:04
51,9,2018-11-26 21:20:45,2018-11-26 21:20:45
51,12,2018-11-26 21:27:19,2018-11-26 21:27:19
51,12,2018-11-26 21:37:54,2018-11-26 21:37:54
51,10,2018-11-26 21:38:15,2018-11-26 21:38:15
51,12,2018-11-26 21:43:16,2018-11-26 21:43:16
51,9,2018-11-26 21:43:26,2018-11-26 21:43:26
51,12,2018-11-26 21:48:45,2018-11-26 21:48:45
51,10,2018-11-26 21:48:55,2018-11-26 21:48:55
51,12,2018-11-26 21:54:39,2018-11-26 21:54:39
51,9,2018-11-26 21:54:50,2018-11-26 21:54:50
51,10,2018-11-28 05:06:50,2018-11-28 05:06:50
51,12,2018-11-28 05:14:03,2018-11-28 05:14:03
51,10,2018-11-28 05:14:16,2018-11-28 05:14:16
51,12,2018-11-28 05:21:11,2018-11-28 05:21:11
51,12,2018-11-28 05:27:16,2018-11-28 05:27:16
51,12,2018-11-28 05:31:43,2018-11-28 05:31:43
51,12,2018-11-28 05:37:06,2018-11-28 05:37:06
51,10,2018-11-28 05:37:15,2018-11-28 05:37:15
51,12,2018-11-28 05:43:29,2018-11-28 05:43:29
51,10,2018-11-28 05:43:39,2018-11-28 05:43:39
51,12,2018-11-28 05:50:00,2018-11-28 05:50:00
51,9,2018-11-28 10:31:20,2018-11-28 10:31:20
51,12,2018-11-28 10:37:22,2018-11-28 10:37:22
51,10,2018-11-28 10:37:33,2018-11-28 10:37:33
51,10,2018-11-28 10:47:43,2018-11-28 10:47:43
51,12,2018-11-28 10:55:28,2018-11-28 10:55:28
51,10,2018-11-28 10:55:42,2018-11-28 10:55:42
51,12,2018-11-28 11:06:24,2018-11-28 11:06:24
51,12,2018-11-28 11:13:03,2018-11-28 11:13:03
51,12,2018-11-28 11:23:44,2018-11-28 11:23:44
51,12,2018-11-28 11:31:09,2018-11-28 11:31:09
51,5,2018-11-28 12:04:05,2018-11-28 12:04:05
51,4,2018-11-28 12:05:19,2018-11-28 12:05:19
51,4,2018-11-28 13:06:35,2018-11-28 13:06:35
51,5,2018-11-28 13:10:59,2018-11-28 13:10:59
51,12,2018-11-28 14:58:30,2018-11-28 14:58:30
51,9,2018-11-28 14:58:40,2018-11-28 14:58:40
51,12,2018-11-28 15:08:46,2018-11-28 15:08:46
51,12,2018-11-28 15:14:22,2018-11-28 15:14:22
51,10,2018-11-28 15:14:31,2018-11-28 15:14:31
51,12,2018-11-28 15:20:14,2018-11-28 15:20:14
51,9,2018-11-28 15:20:24,2018-11-28 15:20:24
51,12,2018-11-28 18:13:02,2018-11-28 18:13:02
51,12,2018-11-28 18:27:17,2018-11-28 18:27:17
51,12,2018-11-28 18:32:00,2018-11-28 18:32:00
51,12,2018-11-28 18:39:33,2018-11-28 18:39:33
51,12,2018-11-28 18:44:35,2018-11-28 18:44:35
51,4,2018-11-29 13:20:16,2018-11-29 13:20:16
51,5,2018-11-29 13:21:17,2018-11-29 13:21:17
51,12,2018-11-29 18:43:30,2018-11-29 18:43:30
51,12,2018-11-29 18:49:48,2018-11-29 18:49:48
51,12,2018-11-29 19:03:59,2018-11-29 19:03:59
51,12,2018-12-01 21:51:48,2018-12-01 21:51:48
51,12,2018-12-01 21:56:50,2018-12-01 21:56:50
51,12,2018-12-01 22:03:07,2018-12-01 22:03:07
51,12,2018-12-01 22:15:14,2018-12-01 22:15:14
51,12,2018-12-01 22:21:34,2018-12-01 22:21:34
51,12,2018-12-01 22:27:00,2018-12-01 22:27:00
51,12,2018-12-03 05:05:51,2018-12-03 05:05:51
51,10,2018-12-03 05:14:35,2018-12-03 05:14:35
51,12,2018-12-03 05:20:07,2018-12-03 05:20:07
51,10,2018-12-03 05:20:16,2018-12-03 05:20:16
51,9,2018-12-03 05:26:05,2018-12-03 05:26:05
51,12,2018-12-03 05:35:04,2018-12-03 05:35:04
51,12,2018-12-03 05:39:07,2018-12-03 05:39:07
51,12,2018-12-03 05:44:02,2018-12-03 05:44:02
51,12,2018-12-03 05:49:35,2018-12-03 05:49:35
51,12,2018-12-03 05:55:22,2018-12-03 05:55:22
51,12,2018-12-02 21:50:38,2018-12-02 21:50:38
51,10,2018-12-02 22:01:17,2018-12-02 22:01:17
51,9,2018-12-02 22:06:21,2018-12-02 22:06:21
51,9,2018-12-02 22:10:50,2018-12-02 22:10:50
51,12,2018-12-02 22:20:20,2018-12-02 22:20:20
51,12,2018-12-02 22:25:01,2018-12-02 22:25:01
51,12,2018-12-02 22:30:06,2018-12-02 22:30:06
51,9,2018-12-04 05:14:04,2018-12-04 05:14:04
51,10,2018-12-04 05:20:33,2018-12-04 05:20:33
51,10,2018-12-04 05:25:31,2018-12-04 05:25:31
51,12,2018-12-04 05:35:32,2018-12-04 05:35:32
51,12,2018-12-04 05:39:56,2018-12-04 05:39:56
51,12,2018-12-04 05:44:28,2018-12-04 05:44:28
51,12,2018-12-04 05:50:16,2018-12-04 05:50:16
51,12,2018-12-04 05:55:33,2018-12-04 05:55:33
51,12,2018-12-04 18:11:18,2018-12-04 18:11:18
51,12,2018-12-04 18:23:09,2018-12-04 18:23:09
51,12,2018-12-04 18:32:52,2018-12-04 18:32:52
51,12,2018-12-04 18:35:47,2018-12-04 18:35:47
51,12,2018-12-07 10:22:35,2018-12-07 10:22:35
51,10,2018-12-07 10:29:53,2018-12-07 10:29:53
51,12,2018-12-07 10:38:03,2018-12-07 10:38:03
51,12,2018-12-07 10:47:34,2018-12-07 10:47:34
51,12,2018-12-07 11:05:27,2018-12-07 11:05:27
51,12,2018-12-07 11:12:20,2018-12-07 11:12:20
51,12,2018-12-07 11:22:26,2018-12-07 11:22:26
51,12,2018-12-07 11:29:10,2018-12-07 11:29:10
51,12,2018-12-09 18:09:33,2018-12-09 18:09:33
51,12,2018-12-09 18:37:01,2018-12-09 18:37:01
51,12,2018-12-10 21:39:48,2018-12-10 21:39:48
51,9,2018-12-10 21:45:08,2018-12-10 21:45:08
51,12,2018-12-10 21:50:25,2018-12-10 21:50:25
51,12,2018-12-10 21:56:46,2018-12-10 21:56:46
51,12,2018-12-10 22:10:48,2018-12-10 22:10:48
51,12,2018-12-10 22:21:47,2018-12-10 22:21:47
51,12,2018-12-10 22:26:38,2018-12-10 22:26:38
51,12,2018-12-12 18:13:52,2018-12-12 18:13:52
51,12,2018-12-12 18:17:47,2018-12-12 18:17:47
51,12,2018-12-13 18:23:23,2018-12-13 18:23:23
51,12,2018-12-13 18:32:20,2018-12-13 18:32:20
51,12,2018-12-13 18:43:00,2018-12-13 18:43:00
51,12,2018-12-13 18:52:50,2018-12-13 18:52:50
51,12,2018-12-14 14:48:51,2018-12-14 14:48:51
51,12,2018-12-14 14:57:24,2018-12-14 14:57:24
51,12,2018-12-17 18:16:27,2018-12-17 18:16:27
51,12,2018-12-17 18:23:57,2018-12-17 18:23:57
51,12,2018-12-17 18:32:15,2018-12-17 18:32:15
51,12,2018-12-17 18:45:52,2018-12-17 18:45:52
51,12,2018-12-17 18:52:26,2018-12-17 18:52:26
51,12,2018-12-19 21:16:43,2018-12-19 21:16:43
51,12,2018-12-19 21:26:03,2018-12-19 21:26:03
51,12,2018-12-19 21:50:09,2018-12-19 21:50:09
51,12,2018-12-19 21:56:03,2018-12-19 21:56:03
51,12,2018-12-19 22:01:48,2018-12-19 22:01:48
51,12,2018-12-20 05:08:32,2018-12-20 05:08:32
51,12,2018-12-20 05:13:43,2018-12-20 05:13:43
51,12,2018-12-20 05:24:41,2018-12-20 05:24:41
51,12,2018-12-20 05:32:06,2018-12-20 05:32:06
51,12,2018-12-20 05:44:32,2018-12-20 05:44:32
51,12,2018-12-20 05:54:23,2018-12-20 05:54:23
51,12,2018-12-20 05:59:39,2018-12-20 05:59:39
51,12,2018-12-21 18:10:46,2018-12-21 18:10:46
51,12,2018-12-21 18:17:52,2018-12-21 18:17:52
51,12,2018-12-21 18:26:05,2018-12-21 18:26:05
51,12,2018-12-21 18:35:31,2018-12-21 18:35:31
51,12,2018-12-21 18:40:19,2018-12-21 18:40:19
51,12,2018-12-22 21:24:02,2018-12-22 21:24:02
51,12,2018-12-22 21:29:10,2018-12-22 21:29:10
51,12,2018-12-22 21:34:07,2018-12-22 21:34:07
51,12,2018-12-22 21:37:57,2018-12-22 21:37:57
51,12,2018-12-22 21:55:03,2018-12-22 21:55:03
51,12,2018-12-24 10:14:08,2018-12-24 10:14:08
51,12,2018-12-24 10:22:19,2018-12-24 10:22:19
51,12,2018-12-24 10:32:27,2018-12-24 10:32:27
51,12,2018-12-24 10:41:22,2018-12-24 10:41:22
51,12,2018-12-24 10:45:29,2018-12-24 10:45:29
51,12,2018-12-24 11:03:32,2018-12-24 11:03:32
51,12,2018-12-24 11:11:08,2018-12-24 11:11:08
51,12,2018-12-24 11:19:09,2018-12-24 11:19:09
51,12,2018-12-24 18:27:52,2018-12-24 18:27:52
51,12,2018-12-24 18:43:33,2018-12-24 18:43:33
51,12,2018-12-24 18:48:52,2018-12-24 18:48:52
51,12,2018-12-26 10:15:16,2018-12-26 10:15:16
51,12,2018-12-26 10:32:38,2018-12-26 10:32:38
51,12,2018-12-26 10:41:48,2018-12-26 10:41:48
51,12,2018-12-26 10:50:30,2018-12-26 10:50:30
51,12,2018-12-26 11:00:49,2018-12-26 11:00:49
51,12,2018-12-26 11:16:47,2018-12-26 11:16:47
51,12,2018-12-26 11:25:33,2018-12-26 11:25:33
51,12,2018-12-26 18:05:26,2018-12-26 18:05:26
51,12,2018-12-26 18:11:46,2018-12-26 18:11:46
51,4,2018-12-28 10:11:39,2018-12-28 10:11:39
51,12,2018-12-28 18:22:48,2018-12-28 18:22:48
51,12,2018-12-28 18:43:34,2018-12-28 18:43:34
51,12,2018-12-28 18:50:15,2018-12-28 18:50:15
51,12,2018-12-29 18:02:04,2018-12-29 18:02:04
51,12,2018-12-29 18:11:36,2018-12-29 18:11:36
51,12,2018-12-29 18:19:57,2018-12-29 18:19:57
51,12,2018-12-29 18:35:06,2018-12-29 18:35:06
51,12,2019-01-24 16:48:52,2019-01-24 16:48:52
